,Unnamed: 0,Benchmark,Instance #,Cluster #,so-time
0,0,ICELL8_SE_A_kallisto_umap.csv,571,4,30.92729425430298
1,1,ICELL8_SE_B_kallisto_umap.csv,553,5,31.4927191734314
2,2,10X_LLU_A_cellranger2.0_umap.csv,2505,7,63.54393553733826
3,3,10X_LLU_A_cellranger3.1_umap.csv,2825,7,70.16407179832458
4,4,10X_LLU_A_umitools_umap.csv,2476,7,65.16707277297974
5,5,10X_LLU_A_zumi_umap.csv,2825,7,69.39526224136353
6,6,10X_LLU_B_cellranger2.0_umap.csv,1211,6,42.96046304702759
7,7,10X_LLU_B_cellranger3.1_umap.csv,1327,6,44.3448543548584
8,8,10X_LLU_B_umitools_umap.csv,1184,6,42.07836174964905
9,9,10X_LLU_B_zumi_umap.csv,1207,6,41.95889449119568
10,10,10X_NCI_A_cellranger2.0_umap.csv,5355,9,124.68990135192873
11,11,10X_NCI_A_cellranger3.1_umap.csv,6050,10,150.52654838562012
12,12,10X_NCI_A_umitools_umap.csv,5344,9,126.73461818695068
13,13,10X_NCI_A_zumi_umap.csv,5385,9,128.1416358947754
14,14,10X_NCI_B_cellranger2.0_umap.csv,2585,7,66.39160323143005
15,15,10X_NCI_B_cellranger3.1_umap.csv,3059,8,78.01933455467224
16,16,10X_NCI_B_umitools_umap.csv,2630,8,70.41671776771545
17,17,10X_NCI_B_zumi_umap.csv,2836,7,69.48989629745483
18,18,10X_NCI_M_A_cellranger2.0_umap.csv,5354,9,125.23061156272888
19,19,10X_NCI_M_A_cellranger3.1_umap.csv,6097,10,151.10759353637695
20,20,10X_NCI_M_A_umitools_umap.csv,5339,10,134.31548643112183
21,21,10X_NCI_M_A_zumi_umap.csv,5416,9,125.87028217315674
22,22,10X_NCI_M_B_cellranger2.0_umap.csv,2589,7,65.05764031410217
23,23,10X_NCI_M_B_cellranger3.1_umap.csv,3046,8,78.28424525260925
24,24,10X_NCI_M_B_umitools_umap.csv,2628,7,66.86842584609985
25,25,10X_NCI_M_B_zumi_umap.csv,2805,7,69.8281660079956
26,26,C1_FDA_HT_A_featureCounts_umap.csv,197,3,26.5313093662262
27,27,C1_FDA_HT_A_kallisto_umap.csv,195,3,26.57090449333191
28,28,C1_FDA_HT_A_rsem_umap.csv,197,3,26.62460970878601
29,29,C1_FDA_HT_B_featureCounts_umap.csv,231,4,27.03188943862915
30,30,C1_FDA_HT_B_kallisto_umap.csv,224,4,26.856183290481567
31,31,C1_FDA_HT_B_rsem_umap.csv,231,4,27.38131666183472
32,32,C1_LLU_A_featureCounts_umap.csv,70,3,26.238041400909424
33,33,C1_LLU_A_kallisto_umap.csv,72,3,27.01182198524475
34,34,C1_LLU_A_rsem_umap.csv,71,3,27.01579737663269
35,35,C1_LLU_B_featureCounts_umap.csv,59,3,25.847708225250244
36,36,C1_LLU_B_kallisto_umap.csv,60,3,27.01920866966248
37,37,C1_LLU_B_rsem_umap.csv,60,3,26.023010730743408
38,38,ICELL8_PE_A_featureCounts_umap.csv,568,5,31.899609327316284
39,39,ICELL8_PE_A_kallisto_umap.csv,570,5,32.62906551361084
40,40,ICELL8_PE_A_rsem_umap.csv,563,5,32.0958685874939
41,41,ICELL8_PE_B_featureCounts_umap.csv,547,4,30.45267915725708
42,42,ICELL8_PE_B_kallisto_umap.csv,551,5,32.214370250701904
43,43,ICELL8_PE_B_rsem_umap.csv,548,4,30.931681871414185
44,44,ICELL8_SE_A_featureCounts_umap.csv,570,4,30.431644439697266
45,45,ICELL8_SE_A_rsem_umap.csv,569,4,30.594770908355716
46,46,ICELL8_SE_B_featureCounts_umap.csv,550,4,30.522212505340576
47,47,ICELL8_SE_B_rsem_umap.csv,549,4,29.942359447479248
0,0,ICELL8_SE_A_kallisto_umap.csv,571,4,33.51280856132507
1,1,ICELL8_SE_B_kallisto_umap.csv,553,5,34.48448324203491
2,2,10X_LLU_A_cellranger2.0_umap.csv,2505,7,75.55441570281982
3,3,10X_LLU_A_cellranger3.1_umap.csv,2825,7,81.59180474281311
4,4,10X_LLU_A_umitools_umap.csv,2476,7,73.54211974143982
5,5,10X_LLU_A_zumi_umap.csv,2825,8,87.91549015045166
6,6,10X_LLU_B_cellranger2.0_umap.csv,1211,6,47.37591719627381
7,7,10X_LLU_B_cellranger3.1_umap.csv,1327,6,48.53700542449951
8,8,10X_LLU_B_umitools_umap.csv,1184,6,46.30365514755249
9,9,10X_LLU_B_zumi_umap.csv,1207,6,46.857754945755005
10,10,10X_NCI_A_cellranger2.0_umap.csv,5355,9,154.8919551372528
11,11,10X_NCI_A_cellranger3.1_umap.csv,6050,10,181.56428337097168
12,12,10X_NCI_A_umitools_umap.csv,5344,9,151.94895815849304
13,13,10X_NCI_A_zumi_umap.csv,5385,9,153.46592569351196
14,14,10X_NCI_B_cellranger2.0_umap.csv,2585,7,76.09324884414673
15,15,10X_NCI_B_cellranger3.1_umap.csv,3059,8,92.98471879959106
16,16,10X_NCI_B_umitools_umap.csv,2630,7,77.83906078338623
17,17,10X_NCI_B_zumi_umap.csv,2836,7,81.34386706352234
18,18,10X_NCI_M_A_cellranger2.0_umap.csv,5354,9,152.71576714515686
19,19,10X_NCI_M_A_cellranger3.1_umap.csv,6097,9,169.14904308319092
20,20,10X_NCI_M_A_umitools_umap.csv,5339,9,153.13646745681763
21,21,10X_NCI_M_A_zumi_umap.csv,5416,9,156.53302884101868
22,22,10X_NCI_M_B_cellranger2.0_umap.csv,2589,7,75.00551509857178
23,23,10X_NCI_M_B_cellranger3.1_umap.csv,3046,8,91.5458242893219
24,24,10X_NCI_M_B_umitools_umap.csv,2628,7,76.44538235664368
25,25,10X_NCI_M_B_zumi_umap.csv,2805,7,80.60158061981201
26,26,C1_FDA_HT_A_featureCounts_umap.csv,197,3,27.24317002296448
27,27,C1_FDA_HT_A_kallisto_umap.csv,195,3,27.5708532333374
28,28,C1_FDA_HT_A_rsem_umap.csv,197,3,27.5572247505188
29,29,C1_FDA_HT_B_featureCounts_umap.csv,231,4,28.641850233078003
30,30,C1_FDA_HT_B_kallisto_umap.csv,224,4,28.302106142044067
31,31,C1_FDA_HT_B_rsem_umap.csv,231,4,29.24948525428772
32,32,C1_LLU_A_featureCounts_umap.csv,70,3,26.65351152420044
33,33,C1_LLU_A_kallisto_umap.csv,72,3,26.3741307258606
34,34,C1_LLU_A_rsem_umap.csv,71,3,25.93151378631592
35,35,C1_LLU_B_featureCounts_umap.csv,59,3,26.22563099861145
36,36,C1_LLU_B_kallisto_umap.csv,60,3,26.669331789016724
37,37,C1_LLU_B_rsem_umap.csv,60,3,25.743783950805664
38,38,ICELL8_PE_A_featureCounts_umap.csv,568,5,34.234469175338745
39,39,ICELL8_PE_A_kallisto_umap.csv,570,5,33.568159341812134
40,40,ICELL8_PE_A_rsem_umap.csv,563,5,34.127201557159424
41,41,ICELL8_PE_B_featureCounts_umap.csv,547,4,32.62786102294922
42,42,ICELL8_PE_B_kallisto_umap.csv,551,4,32.35973501205444
43,43,ICELL8_PE_B_rsem_umap.csv,548,4,32.57249665260315
44,44,ICELL8_SE_A_featureCounts_umap.csv,570,4,32.856590270996094
45,45,ICELL8_SE_A_rsem_umap.csv,569,5,33.92159342765808
46,46,ICELL8_SE_B_featureCounts_umap.csv,550,5,33.621378898620605
47,47,ICELL8_SE_B_rsem_umap.csv,549,5,34.47943878173828
0,0,ICELL8_SE_A_kallisto_umap.csv,571,4,34.2189040184021
1,1,ICELL8_SE_B_kallisto_umap.csv,553,5,34.935258865356445
2,2,10X_LLU_A_cellranger2.0_umap.csv,2505,7,78.19661593437195
3,3,10X_LLU_A_cellranger3.1_umap.csv,2825,8,89.06543397903442
4,4,10X_LLU_A_umitools_umap.csv,2476,7,79.17060256004333
5,5,10X_LLU_A_zumi_umap.csv,2825,7,85.45840263366699
6,6,10X_LLU_B_cellranger2.0_umap.csv,1211,6,49.682045459747314
7,7,10X_LLU_B_cellranger3.1_umap.csv,1327,6,52.27865791320801
8,8,10X_LLU_B_umitools_umap.csv,1184,6,48.246631383895874
9,9,10X_LLU_B_zumi_umap.csv,1207,6,48.896814584732056
10,10,10X_NCI_A_cellranger2.0_umap.csv,5355,9,159.08824062347412
11,11,10X_NCI_A_cellranger3.1_umap.csv,6050,10,189.21892380714417
12,12,10X_NCI_A_umitools_umap.csv,5344,9,159.3798828125
13,13,10X_NCI_A_zumi_umap.csv,5385,9,159.0639033317566
14,14,10X_NCI_B_cellranger2.0_umap.csv,2585,7,81.63171243667603
15,15,10X_NCI_B_cellranger3.1_umap.csv,3059,8,97.65273690223694
16,16,10X_NCI_B_umitools_umap.csv,2630,7,80.37287139892578
17,17,10X_NCI_B_zumi_umap.csv,2836,7,85.74270701408386
18,18,10X_NCI_M_A_cellranger2.0_umap.csv,5354,9,159.96280717849731
19,19,10X_NCI_M_A_cellranger3.1_umap.csv,6097,10,190.51539587974548
20,20,10X_NCI_M_A_umitools_umap.csv,5339,9,157.90010857582092
21,21,10X_NCI_M_A_zumi_umap.csv,5416,9,160.762948513031
22,22,10X_NCI_M_B_cellranger2.0_umap.csv,2589,7,80.46600198745728
23,23,10X_NCI_M_B_cellranger3.1_umap.csv,3046,8,96.75115060806274
24,24,10X_NCI_M_B_umitools_umap.csv,2628,7,82.22109913825989
25,25,10X_NCI_M_B_zumi_umap.csv,2805,7,85.8664858341217
26,26,C1_FDA_HT_A_featureCounts_umap.csv,197,3,27.46967339515686
27,27,C1_FDA_HT_A_kallisto_umap.csv,195,3,27.23445439338684
28,28,C1_FDA_HT_A_rsem_umap.csv,197,3,27.141847133636475
29,29,C1_FDA_HT_B_featureCounts_umap.csv,231,4,28.54061198234558
30,30,C1_FDA_HT_B_kallisto_umap.csv,224,4,28.70964765548706
31,31,C1_FDA_HT_B_rsem_umap.csv,231,4,28.58840847015381
32,32,C1_LLU_A_featureCounts_umap.csv,70,3,26.420201778411865
33,33,C1_LLU_A_kallisto_umap.csv,72,3,26.58331608772278
34,34,C1_LLU_A_rsem_umap.csv,71,3,27.01824402809143
35,35,C1_LLU_B_featureCounts_umap.csv,59,3,26.597471952438354
36,36,C1_LLU_B_kallisto_umap.csv,60,3,26.573955535888672
37,37,C1_LLU_B_rsem_umap.csv,60,3,27.096631050109863
38,38,ICELL8_PE_A_featureCounts_umap.csv,568,5,35.21980619430542
39,39,ICELL8_PE_A_kallisto_umap.csv,570,5,35.776479959487915
40,40,ICELL8_PE_A_rsem_umap.csv,563,5,33.651451110839844
41,41,ICELL8_PE_B_featureCounts_umap.csv,547,4,33.97626495361328
42,42,ICELL8_PE_B_kallisto_umap.csv,551,4,33.98269200325012
43,43,ICELL8_PE_B_rsem_umap.csv,548,4,33.4297947883606
44,44,ICELL8_SE_A_featureCounts_umap.csv,570,4,33.53270506858826
45,45,ICELL8_SE_A_rsem_umap.csv,569,5,34.56775450706482
46,46,ICELL8_SE_B_featureCounts_umap.csv,550,4,33.4044144153595
47,47,ICELL8_SE_B_rsem_umap.csv,549,5,34.30809807777405
0,0,ICELL8_SE_A_kallisto_umap.csv,571,4,32.25085234642029
1,1,ICELL8_SE_B_kallisto_umap.csv,553,5,32.37664747238159
2,2,10X_LLU_A_cellranger2.0_umap.csv,2505,6,63.29358243942261
3,3,10X_LLU_A_cellranger3.1_umap.csv,2825,7,73.93773531913757
4,4,10X_LLU_A_umitools_umap.csv,2476,7,67.34692096710205
5,5,10X_LLU_A_zumi_umap.csv,2825,7,73.01893043518066
6,6,10X_LLU_B_cellranger2.0_umap.csv,1211,6,43.26953339576721
7,7,10X_LLU_B_cellranger3.1_umap.csv,1327,5,42.49147629737854
8,8,10X_LLU_B_umitools_umap.csv,1184,5,41.3005166053772
9,9,10X_LLU_B_zumi_umap.csv,1207,5,40.6749415397644
10,10,10X_NCI_A_cellranger2.0_umap.csv,5355,8,124.9131441116333
11,11,10X_NCI_A_cellranger3.1_umap.csv,6050,10,160.4345257282257
12,12,10X_NCI_A_umitools_umap.csv,5344,9,132.354834318161
13,13,10X_NCI_A_zumi_umap.csv,5385,8,124.42171382904051
14,14,10X_NCI_B_cellranger2.0_umap.csv,2585,7,67.77001237869263
15,15,10X_NCI_B_cellranger3.1_umap.csv,3059,7,76.19339227676392
16,16,10X_NCI_B_umitools_umap.csv,2630,7,69.85849165916443
17,17,10X_NCI_B_zumi_umap.csv,2836,7,73.10020875930786
18,18,10X_NCI_M_A_cellranger2.0_umap.csv,5354,8,123.08855199813844
19,19,10X_NCI_M_A_cellranger3.1_umap.csv,6097,9,148.73023629188538
20,20,10X_NCI_M_A_umitools_umap.csv,5339,9,134.41981148719788
21,21,10X_NCI_M_A_zumi_umap.csv,5416,9,136.71155428886414
22,22,10X_NCI_M_B_cellranger2.0_umap.csv,2589,7,68.93727588653564
23,23,10X_NCI_M_B_cellranger3.1_umap.csv,3046,8,81.99804759025574
24,24,10X_NCI_M_B_umitools_umap.csv,2628,6,65.99673652648926
25,25,10X_NCI_M_B_zumi_umap.csv,2805,7,73.49052619934082
26,26,C1_FDA_HT_A_featureCounts_umap.csv,197,3,26.925604104995728
27,27,C1_FDA_HT_A_kallisto_umap.csv,195,3,26.55688095092773
28,28,C1_FDA_HT_A_rsem_umap.csv,197,3,26.310219049453732
29,29,C1_FDA_HT_B_featureCounts_umap.csv,231,3,27.438939809799194
30,30,C1_FDA_HT_B_kallisto_umap.csv,224,3,26.50858688354492
31,31,C1_FDA_HT_B_rsem_umap.csv,231,3,26.856348037719727
32,32,C1_LLU_A_featureCounts_umap.csv,70,3,26.94208788871765
33,33,C1_LLU_A_kallisto_umap.csv,72,3,26.893848419189453
34,34,C1_LLU_A_rsem_umap.csv,71,3,26.419184923172
35,35,C1_LLU_B_featureCounts_umap.csv,59,3,26.63440704345703
36,36,C1_LLU_B_kallisto_umap.csv,60,3,27.465441703796387
37,37,C1_LLU_B_rsem_umap.csv,60,3,26.57681608200073
38,38,ICELL8_PE_A_featureCounts_umap.csv,568,4,31.250245332717896
39,39,ICELL8_PE_A_kallisto_umap.csv,570,4,30.994840383529663
40,40,ICELL8_PE_A_rsem_umap.csv,563,4,31.42405128479004
41,41,ICELL8_PE_B_featureCounts_umap.csv,547,4,31.178284645080566
42,42,ICELL8_PE_B_kallisto_umap.csv,551,4,31.24551486968994
43,43,ICELL8_PE_B_rsem_umap.csv,548,4,31.61830830574036
44,44,ICELL8_SE_A_featureCounts_umap.csv,570,4,31.38976001739502
45,45,ICELL8_SE_A_rsem_umap.csv,569,4,31.16948914527893
46,46,ICELL8_SE_B_featureCounts_umap.csv,550,4,31.39298248291016
47,47,ICELL8_SE_B_rsem_umap.csv,549,5,32.74184060096741
0,0,ICELL8_SE_A_kallisto_umap.csv,571,4,31.5905237197876
1,1,ICELL8_SE_B_kallisto_umap.csv,553,5,32.994162797927856
2,2,10X_LLU_A_cellranger2.0_umap.csv,2505,7,67.78052186965942
3,3,10X_LLU_A_cellranger3.1_umap.csv,2825,7,72.37251400947571
4,4,10X_LLU_A_umitools_umap.csv,2476,7,66.88443851470947
5,5,10X_LLU_A_zumi_umap.csv,2825,7,73.38197255134583
6,6,10X_LLU_B_cellranger2.0_umap.csv,1211,6,42.52097845077515
7,7,10X_LLU_B_cellranger3.1_umap.csv,1327,5,42.93972206115723
8,8,10X_LLU_B_umitools_umap.csv,1184,5,40.742140769958496
9,9,10X_LLU_B_zumi_umap.csv,1207,5,41.27889657020569
10,10,10X_NCI_A_cellranger2.0_umap.csv,5355,9,131.20916604995728
11,11,10X_NCI_A_cellranger3.1_umap.csv,6050,10,157.0807499885559
12,12,10X_NCI_A_umitools_umap.csv,5344,8,120.78426218032835
13,13,10X_NCI_A_zumi_umap.csv,5385,9,131.79246830940247
14,14,10X_NCI_B_cellranger2.0_umap.csv,2585,7,68.64221119880676
15,15,10X_NCI_B_cellranger3.1_umap.csv,3059,7,75.97405123710632
16,16,10X_NCI_B_umitools_umap.csv,2630,7,68.96780943870544
17,17,10X_NCI_B_zumi_umap.csv,2836,7,71.48451066017151
18,18,10X_NCI_M_A_cellranger2.0_umap.csv,5354,8,120.88362908363342
19,19,10X_NCI_M_A_cellranger3.1_umap.csv,6097,9,148.76698970794678
20,20,10X_NCI_M_A_umitools_umap.csv,5339,9,130.83284521102905
21,21,10X_NCI_M_A_zumi_umap.csv,5416,9,134.46140956878662
22,22,10X_NCI_M_B_cellranger2.0_umap.csv,2589,7,67.73319506645203
23,23,10X_NCI_M_B_cellranger3.1_umap.csv,3046,8,82.34025549888611
24,24,10X_NCI_M_B_umitools_umap.csv,2628,7,69.63469099998474
25,25,10X_NCI_M_B_zumi_umap.csv,2805,7,72.52874374389648
26,26,C1_FDA_HT_A_featureCounts_umap.csv,197,3,26.66075348854065
27,27,C1_FDA_HT_A_kallisto_umap.csv,195,3,26.96217513084412
28,28,C1_FDA_HT_A_rsem_umap.csv,197,3,26.553457021713257
29,29,C1_FDA_HT_B_featureCounts_umap.csv,231,3,27.27216005325317
30,30,C1_FDA_HT_B_kallisto_umap.csv,224,3,27.14568018913269
31,31,C1_FDA_HT_B_rsem_umap.csv,231,3,26.938682794570923
32,32,C1_LLU_A_featureCounts_umap.csv,70,3,26.228480100631717
33,33,C1_LLU_A_kallisto_umap.csv,72,3,26.59308362007141
34,34,C1_LLU_A_rsem_umap.csv,71,3,27.155060529708862
35,35,C1_LLU_B_featureCounts_umap.csv,59,3,26.387810468673703
36,36,C1_LLU_B_kallisto_umap.csv,60,3,26.365323305130005
37,37,C1_LLU_B_rsem_umap.csv,60,3,26.666818380355835
38,38,ICELL8_PE_A_featureCounts_umap.csv,568,4,31.27469038963318
39,39,ICELL8_PE_A_kallisto_umap.csv,570,4,31.58574676513672
40,40,ICELL8_PE_A_rsem_umap.csv,563,4,31.253937244415283
41,41,ICELL8_PE_B_featureCounts_umap.csv,547,4,31.177684783935547
42,42,ICELL8_PE_B_kallisto_umap.csv,551,4,30.962520837783813
43,43,ICELL8_PE_B_rsem_umap.csv,548,4,31.554213523864743
44,44,ICELL8_SE_A_featureCounts_umap.csv,570,4,31.8493812084198
45,45,ICELL8_SE_A_rsem_umap.csv,569,4,31.98478841781616
46,46,ICELL8_SE_B_featureCounts_umap.csv,550,4,30.75073456764221
47,47,ICELL8_SE_B_rsem_umap.csv,549,4,31.02257084846497
0,0,ICELL8_SE_A_kallisto_umap.csv,571,4,27.86849904060364
1,1,ICELL8_SE_B_kallisto_umap.csv,553,5,28.687546253204346
2,2,10X_LLU_A_cellranger2.0_umap.csv,2505,7,59.937966108322144
3,3,10X_LLU_A_cellranger3.1_umap.csv,2825,8,69.94590473175049
4,4,10X_LLU_A_umitools_umap.csv,2476,7,60.8345046043396
5,5,10X_LLU_A_zumi_umap.csv,2825,8,71.19075870513916
6,6,10X_LLU_B_cellranger2.0_umap.csv,1211,6,40.390873670578
7,7,10X_LLU_B_cellranger3.1_umap.csv,1327,6,40.89507746696472
8,8,10X_LLU_B_umitools_umap.csv,1184,6,39.283350229263306
9,9,10X_LLU_B_zumi_umap.csv,1207,6,39.5447199344635
10,10,10X_NCI_A_cellranger2.0_umap.csv,5355,9,119.56058883666992
11,11,10X_NCI_A_cellranger3.1_umap.csv,6050,10,144.54806685447693
12,12,10X_NCI_A_umitools_umap.csv,5344,9,121.47129082679749
13,13,10X_NCI_A_zumi_umap.csv,5385,9,122.72662472724916
14,14,10X_NCI_B_cellranger2.0_umap.csv,2585,7,63.48352074623108
15,15,10X_NCI_B_cellranger3.1_umap.csv,3059,8,73.48243355751038
16,16,10X_NCI_B_umitools_umap.csv,2630,8,68.1844048500061
17,17,10X_NCI_B_zumi_umap.csv,2836,7,66.43461728096008
18,18,10X_NCI_M_A_cellranger2.0_umap.csv,5354,8,110.94485592842102
19,19,10X_NCI_M_A_cellranger3.1_umap.csv,6097,10,145.17247366905212
20,20,10X_NCI_M_A_umitools_umap.csv,5339,9,121.91601490974426
21,21,10X_NCI_M_A_zumi_umap.csv,5416,9,123.91278195381165
22,22,10X_NCI_M_B_cellranger2.0_umap.csv,2589,7,62.779868602752686
23,23,10X_NCI_M_B_cellranger3.1_umap.csv,3046,8,75.05575728416443
24,24,10X_NCI_M_B_umitools_umap.csv,2628,7,64.41011905670166
25,25,10X_NCI_M_B_zumi_umap.csv,2805,7,66.25156760215759
26,26,C1_FDA_HT_A_featureCounts_umap.csv,197,3,24.17242217063904
27,27,C1_FDA_HT_A_kallisto_umap.csv,195,3,24.037461519241333
28,28,C1_FDA_HT_A_rsem_umap.csv,197,3,24.05614185333252
29,29,C1_FDA_HT_B_featureCounts_umap.csv,231,4,24.715747833251957
30,30,C1_FDA_HT_B_kallisto_umap.csv,224,4,24.61879062652588
31,31,C1_FDA_HT_B_rsem_umap.csv,231,4,24.39427661895752
32,32,C1_LLU_A_featureCounts_umap.csv,70,3,23.671390295028687
33,33,C1_LLU_A_kallisto_umap.csv,72,3,24.12083125114441
34,34,C1_LLU_A_rsem_umap.csv,71,3,24.10252261161804
35,35,C1_LLU_B_featureCounts_umap.csv,59,3,23.822580099105835
36,36,C1_LLU_B_kallisto_umap.csv,60,3,23.846896409988403
37,37,C1_LLU_B_rsem_umap.csv,60,3,23.52889609336853
38,38,ICELL8_PE_A_featureCounts_umap.csv,568,5,29.9664306640625
39,39,ICELL8_PE_A_kallisto_umap.csv,570,5,29.319185972213745
40,40,ICELL8_PE_A_rsem_umap.csv,563,5,28.24719381332397
41,41,ICELL8_PE_B_featureCounts_umap.csv,547,4,27.857913732528687
42,42,ICELL8_PE_B_kallisto_umap.csv,551,4,27.221718788146973
43,43,ICELL8_PE_B_rsem_umap.csv,548,4,27.85710883140564
44,44,ICELL8_SE_A_featureCounts_umap.csv,570,4,28.229431629180908
45,45,ICELL8_SE_A_rsem_umap.csv,569,5,29.313676118850708
46,46,ICELL8_SE_B_featureCounts_umap.csv,550,4,27.611485242843628
47,47,ICELL8_SE_B_rsem_umap.csv,549,5,29.512417554855347
0,0,ICELL8_SE_A_kallisto_umap.csv,571,4,28.36800646781921
1,1,ICELL8_SE_B_kallisto_umap.csv,553,5,29.49645161628723
2,2,10X_LLU_A_cellranger2.0_umap.csv,2505,6,55.093881607055664
3,3,10X_LLU_A_cellranger3.1_umap.csv,2825,8,67.8263201713562
4,4,10X_LLU_A_umitools_umap.csv,2476,7,58.90448069572449
5,5,10X_LLU_A_zumi_umap.csv,2825,7,63.845662355422974
6,6,10X_LLU_B_cellranger2.0_umap.csv,1211,5,37.36929750442505
7,7,10X_LLU_B_cellranger3.1_umap.csv,1327,5,38.64395999908447
8,8,10X_LLU_B_umitools_umap.csv,1184,5,36.553059577941895
9,9,10X_LLU_B_zumi_umap.csv,1207,5,37.012065410614014
10,10,10X_NCI_A_cellranger2.0_umap.csv,5355,9,116.79664587974548
11,11,10X_NCI_A_cellranger3.1_umap.csv,6050,9,129.9757640361786
12,12,10X_NCI_A_umitools_umap.csv,5344,8,107.47256684303284
13,13,10X_NCI_A_zumi_umap.csv,5385,9,118.77158999443054
14,14,10X_NCI_B_cellranger2.0_umap.csv,2585,7,60.065266609191895
15,15,10X_NCI_B_cellranger3.1_umap.csv,3059,8,71.05186915397644
16,16,10X_NCI_B_umitools_umap.csv,2630,7,60.62615752220154
17,17,10X_NCI_B_zumi_umap.csv,2836,7,63.67969059944153
18,18,10X_NCI_M_A_cellranger2.0_umap.csv,5354,8,108.26473927497864
19,19,10X_NCI_M_A_cellranger3.1_umap.csv,6097,10,140.82652878761292
20,20,10X_NCI_M_A_umitools_umap.csv,5339,9,117.24241018295288
21,21,10X_NCI_M_A_zumi_umap.csv,5416,9,119.01818180084229
22,22,10X_NCI_M_B_cellranger2.0_umap.csv,2589,7,60.3519766330719
23,23,10X_NCI_M_B_cellranger3.1_umap.csv,3046,8,71.87205839157104
24,24,10X_NCI_M_B_umitools_umap.csv,2628,7,62.37944412231445
25,25,10X_NCI_M_B_zumi_umap.csv,2805,7,63.69313216209412
26,26,C1_FDA_HT_A_featureCounts_umap.csv,197,3,24.50556969642639
27,27,C1_FDA_HT_A_kallisto_umap.csv,195,3,24.03818726539612
28,28,C1_FDA_HT_A_rsem_umap.csv,197,3,24.54788613319397
29,29,C1_FDA_HT_B_featureCounts_umap.csv,231,3,24.592464685440063
30,30,C1_FDA_HT_B_kallisto_umap.csv,224,3,24.59626197814941
31,31,C1_FDA_HT_B_rsem_umap.csv,231,3,24.80526280403137
32,32,C1_LLU_A_featureCounts_umap.csv,70,3,24.36906862258911
33,33,C1_LLU_A_kallisto_umap.csv,72,3,24.06437420845032
34,34,C1_LLU_A_rsem_umap.csv,71,3,24.424089908599854
35,35,C1_LLU_B_featureCounts_umap.csv,59,3,24.24302387237549
36,36,C1_LLU_B_kallisto_umap.csv,60,3,24.138352632522583
37,37,C1_LLU_B_rsem_umap.csv,60,3,24.02383708953857
38,38,ICELL8_PE_A_featureCounts_umap.csv,568,4,28.35922479629517
39,39,ICELL8_PE_A_kallisto_umap.csv,570,4,28.1601140499115
40,40,ICELL8_PE_A_rsem_umap.csv,563,4,28.23556232452393
41,41,ICELL8_PE_B_featureCounts_umap.csv,547,4,28.486908674240112
42,42,ICELL8_PE_B_kallisto_umap.csv,551,4,28.14498805999756
43,43,ICELL8_PE_B_rsem_umap.csv,548,4,28.03555679321289
44,44,ICELL8_SE_A_featureCounts_umap.csv,570,4,28.68216609954834
45,45,ICELL8_SE_A_rsem_umap.csv,569,4,28.188311338424683
46,46,ICELL8_SE_B_featureCounts_umap.csv,550,4,28.495157957077023
47,47,ICELL8_SE_B_rsem_umap.csv,549,4,27.93861722946167
0,0,ICELL8_SE_A_kallisto_umap.csv,571,4,28.58853530883789
1,1,ICELL8_SE_B_kallisto_umap.csv,553,5,29.054186582565308
2,2,10X_LLU_A_cellranger2.0_umap.csv,2505,7,60.38441514968872
3,3,10X_LLU_A_cellranger3.1_umap.csv,2825,7,65.69071960449219
4,4,10X_LLU_A_umitools_umap.csv,2476,7,59.49572706222534
5,5,10X_LLU_A_zumi_umap.csv,2825,7,65.56887078285217
6,6,10X_LLU_B_cellranger2.0_umap.csv,1211,6,38.75700402259827
7,7,10X_LLU_B_cellranger3.1_umap.csv,1327,6,40.91282415390015
8,8,10X_LLU_B_umitools_umap.csv,1184,6,39.1302604675293
9,9,10X_LLU_B_zumi_umap.csv,1207,6,39.22384691238403
10,10,10X_NCI_A_cellranger2.0_umap.csv,5355,9,120.96245431900024
11,11,10X_NCI_A_cellranger3.1_umap.csv,6050,10,143.68912768363953
12,12,10X_NCI_A_umitools_umap.csv,5344,10,128.7628071308136
13,13,10X_NCI_A_zumi_umap.csv,5385,9,120.00428199768066
14,14,10X_NCI_B_cellranger2.0_umap.csv,2585,7,61.48875617980957
15,15,10X_NCI_B_cellranger3.1_umap.csv,3059,8,72.18485236167908
16,16,10X_NCI_B_umitools_umap.csv,2630,7,61.79486680030823
17,17,10X_NCI_B_zumi_umap.csv,2836,7,64.95749354362488
18,18,10X_NCI_M_A_cellranger2.0_umap.csv,5354,8,109.13112568855286
19,19,10X_NCI_M_A_cellranger3.1_umap.csv,6097,10,143.88359451293945
20,20,10X_NCI_M_A_umitools_umap.csv,5339,9,120.00027871131896
21,21,10X_NCI_M_A_zumi_umap.csv,5416,9,121.92747855186462
22,22,10X_NCI_M_B_cellranger2.0_umap.csv,2589,7,61.13001465797424
23,23,10X_NCI_M_B_cellranger3.1_umap.csv,3046,8,73.14795470237732
24,24,10X_NCI_M_B_umitools_umap.csv,2628,7,61.73285150527954
25,25,10X_NCI_M_B_zumi_umap.csv,2805,8,69.59655165672302
26,26,C1_FDA_HT_A_featureCounts_umap.csv,197,3,23.869099855422974
27,27,C1_FDA_HT_A_kallisto_umap.csv,195,3,24.552151441574097
28,28,C1_FDA_HT_A_rsem_umap.csv,197,3,24.216662406921387
29,29,C1_FDA_HT_B_featureCounts_umap.csv,231,4,25.02826976776123
30,30,C1_FDA_HT_B_kallisto_umap.csv,224,4,24.79207134246826
31,31,C1_FDA_HT_B_rsem_umap.csv,231,4,24.661619663238525
32,32,C1_LLU_A_featureCounts_umap.csv,70,3,24.03382658958435
33,33,C1_LLU_A_kallisto_umap.csv,72,3,24.11181092262268
34,34,C1_LLU_A_rsem_umap.csv,71,3,24.18974137306213
35,35,C1_LLU_B_featureCounts_umap.csv,59,3,23.7979793548584
36,36,C1_LLU_B_kallisto_umap.csv,60,3,23.67190408706665
37,37,C1_LLU_B_rsem_umap.csv,60,3,24.093992710113525
38,38,ICELL8_PE_A_featureCounts_umap.csv,568,5,29.84101438522339
39,39,ICELL8_PE_A_kallisto_umap.csv,570,5,29.41519808769226
40,40,ICELL8_PE_A_rsem_umap.csv,563,5,29.32388401031494
41,41,ICELL8_PE_B_featureCounts_umap.csv,547,4,27.386323928833008
42,42,ICELL8_PE_B_kallisto_umap.csv,551,4,28.142370223999023
43,43,ICELL8_PE_B_rsem_umap.csv,548,4,28.15722608566284
44,44,ICELL8_SE_A_featureCounts_umap.csv,570,4,27.76724123954773
45,45,ICELL8_SE_A_rsem_umap.csv,569,5,30.034634113311768
46,46,ICELL8_SE_B_featureCounts_umap.csv,550,4,28.141003370285038
47,47,ICELL8_SE_B_rsem_umap.csv,549,5,28.911559104919437
0,0,ICELL8_SE_A_kallisto_umap.csv,571,4,28.162719249725345
1,1,ICELL8_SE_B_kallisto_umap.csv,553,5,29.33513712882996
2,2,10X_LLU_A_cellranger2.0_umap.csv,2505,7,60.72224640846253
3,3,10X_LLU_A_cellranger3.1_umap.csv,2825,7,64.10262513160706
4,4,10X_LLU_A_umitools_umap.csv,2476,7,60.062108278274536
5,5,10X_LLU_A_zumi_umap.csv,2825,8,70.09349322319031
6,6,10X_LLU_B_cellranger2.0_umap.csv,1211,6,39.08104300498962
7,7,10X_LLU_B_cellranger3.1_umap.csv,1327,6,40.37802767753601
8,8,10X_LLU_B_umitools_umap.csv,1184,6,38.55386543273926
9,9,10X_LLU_B_zumi_umap.csv,1207,6,37.90171146392822
10,10,10X_NCI_A_cellranger2.0_umap.csv,5355,9,119.65612602233888
11,11,10X_NCI_A_cellranger3.1_umap.csv,6050,10,145.60762810707092
12,12,10X_NCI_A_umitools_umap.csv,5344,9,121.87039709091188
13,13,10X_NCI_A_zumi_umap.csv,5385,10,131.00942087173462
14,14,10X_NCI_B_cellranger2.0_umap.csv,2585,7,62.17945885658264
15,15,10X_NCI_B_cellranger3.1_umap.csv,3059,8,73.09960985183716
16,16,10X_NCI_B_umitools_umap.csv,2630,7,62.69478273391724
17,17,10X_NCI_B_zumi_umap.csv,2836,7,65.20563769340515
18,18,10X_NCI_M_A_cellranger2.0_umap.csv,5354,8,109.77476406097412
19,19,10X_NCI_M_A_cellranger3.1_umap.csv,6097,10,146.2983841896057
20,20,10X_NCI_M_A_umitools_umap.csv,5339,9,119.00668239593506
21,21,10X_NCI_M_A_zumi_umap.csv,5416,9,120.45522618293762
22,22,10X_NCI_M_B_cellranger2.0_umap.csv,2589,7,61.074363231658936
23,23,10X_NCI_M_B_cellranger3.1_umap.csv,3046,8,73.5276038646698
24,24,10X_NCI_M_B_umitools_umap.csv,2628,7,62.1599178314209
25,25,10X_NCI_M_B_zumi_umap.csv,2805,7,65.00475287437439
26,26,C1_FDA_HT_A_featureCounts_umap.csv,197,3,24.046581745147705
27,27,C1_FDA_HT_A_kallisto_umap.csv,195,3,23.96550726890564
28,28,C1_FDA_HT_A_rsem_umap.csv,197,3,24.407522916793823
29,29,C1_FDA_HT_B_featureCounts_umap.csv,231,4,24.957283973693848
30,30,C1_FDA_HT_B_kallisto_umap.csv,224,4,24.624743461608887
31,31,C1_FDA_HT_B_rsem_umap.csv,231,4,25.03873944282532
32,32,C1_LLU_A_featureCounts_umap.csv,70,3,23.429179191589355
33,33,C1_LLU_A_kallisto_umap.csv,72,3,24.06045627593994
34,34,C1_LLU_A_rsem_umap.csv,71,3,23.588351726531982
35,35,C1_LLU_B_featureCounts_umap.csv,59,3,23.496492385864254
36,36,C1_LLU_B_kallisto_umap.csv,60,3,23.86445903778076
37,37,C1_LLU_B_rsem_umap.csv,60,3,24.210049629211422
38,38,ICELL8_PE_A_featureCounts_umap.csv,568,5,29.154258489608765
39,39,ICELL8_PE_A_kallisto_umap.csv,570,5,29.2552809715271
40,40,ICELL8_PE_A_rsem_umap.csv,563,5,28.79776692390442
41,41,ICELL8_PE_B_featureCounts_umap.csv,547,4,28.094125032424927
42,42,ICELL8_PE_B_kallisto_umap.csv,551,4,27.49080491065979
43,43,ICELL8_PE_B_rsem_umap.csv,548,4,27.80977177619934
44,44,ICELL8_SE_A_featureCounts_umap.csv,570,4,27.847044229507446
45,45,ICELL8_SE_A_rsem_umap.csv,569,5,29.625236988067627
46,46,ICELL8_SE_B_featureCounts_umap.csv,550,4,27.46335363388061
47,47,ICELL8_SE_B_rsem_umap.csv,549,5,29.481621980667114
0,0,ICELL8_SE_A_kallisto_umap.csv,571,4,28.440284729003903
1,1,ICELL8_SE_B_kallisto_umap.csv,553,5,29.6652090549469
2,2,10X_LLU_A_cellranger2.0_umap.csv,2505,7,61.32778573036194
3,3,10X_LLU_A_cellranger3.1_umap.csv,2825,8,69.97003865242004
4,4,10X_LLU_A_umitools_umap.csv,2476,7,60.039815187454224
5,5,10X_LLU_A_zumi_umap.csv,2825,7,65.7049252986908
6,6,10X_LLU_B_cellranger2.0_umap.csv,1211,6,39.2714946269989
7,7,10X_LLU_B_cellranger3.1_umap.csv,1327,6,41.34146285057068
8,8,10X_LLU_B_umitools_umap.csv,1184,6,39.541369676589966
9,9,10X_LLU_B_zumi_umap.csv,1207,6,39.06381368637085
10,10,10X_NCI_A_cellranger2.0_umap.csv,5355,9,121.40746259689332
11,11,10X_NCI_A_cellranger3.1_umap.csv,6050,10,146.06130170822144
12,12,10X_NCI_A_umitools_umap.csv,5344,9,121.3578679561615
13,13,10X_NCI_A_zumi_umap.csv,5385,9,123.7586154937744
14,14,10X_NCI_B_cellranger2.0_umap.csv,2585,7,61.72057032585144
15,15,10X_NCI_B_cellranger3.1_umap.csv,3059,8,73.70335412025452
16,16,10X_NCI_B_umitools_umap.csv,2630,8,67.81907057762146
17,17,10X_NCI_B_zumi_umap.csv,2836,7,66.11050009727478
18,18,10X_NCI_M_A_cellranger2.0_umap.csv,5354,8,112.34354519844057
19,19,10X_NCI_M_A_cellranger3.1_umap.csv,6097,10,147.41431498527527
20,20,10X_NCI_M_A_umitools_umap.csv,5339,9,121.59615063667296
21,21,10X_NCI_M_A_zumi_umap.csv,5416,9,124.66826725006104
22,22,10X_NCI_M_B_cellranger2.0_umap.csv,2589,7,62.25276851654053
23,23,10X_NCI_M_B_cellranger3.1_umap.csv,3046,8,74.24921870231628
24,24,10X_NCI_M_B_umitools_umap.csv,2628,7,62.5804455280304
25,25,10X_NCI_M_B_zumi_umap.csv,2805,8,70.1945252418518
26,26,C1_FDA_HT_A_featureCounts_umap.csv,197,3,24.303439617156982
27,27,C1_FDA_HT_A_kallisto_umap.csv,195,3,24.128276586532596
28,28,C1_FDA_HT_A_rsem_umap.csv,197,3,24.08199095726013
29,29,C1_FDA_HT_B_featureCounts_umap.csv,231,4,25.2684178352356
30,30,C1_FDA_HT_B_kallisto_umap.csv,224,4,25.049591779708862
31,31,C1_FDA_HT_B_rsem_umap.csv,231,4,25.04053831100464
32,32,C1_LLU_A_featureCounts_umap.csv,70,3,23.93135452270508
33,33,C1_LLU_A_kallisto_umap.csv,72,3,23.401285886764526
34,34,C1_LLU_A_rsem_umap.csv,71,3,23.475643157958984
35,35,C1_LLU_B_featureCounts_umap.csv,59,3,24.039358377456665
36,36,C1_LLU_B_kallisto_umap.csv,60,3,24.689930200576782
37,37,C1_LLU_B_rsem_umap.csv,60,3,24.09058904647827
38,38,ICELL8_PE_A_featureCounts_umap.csv,568,5,29.73511815071106
39,39,ICELL8_PE_A_kallisto_umap.csv,570,5,29.613250017166138
40,40,ICELL8_PE_A_rsem_umap.csv,563,5,29.66106653213501
41,41,ICELL8_PE_B_featureCounts_umap.csv,547,4,28.53357315063477
42,42,ICELL8_PE_B_kallisto_umap.csv,551,4,28.968932390213013
43,43,ICELL8_PE_B_rsem_umap.csv,548,4,28.277055740356445
44,44,ICELL8_SE_A_featureCounts_umap.csv,570,4,28.44526243209839
45,45,ICELL8_SE_A_rsem_umap.csv,569,5,30.121806144714355
46,46,ICELL8_SE_B_featureCounts_umap.csv,550,4,28.48199439048767
47,47,ICELL8_SE_B_rsem_umap.csv,549,5,29.335243463516235
0,0,ICELL8_SE_A_kallisto_umap.csv,571,4,27.97652292251587
1,1,ICELL8_SE_B_kallisto_umap.csv,553,5,28.828347206115723
2,2,10X_LLU_A_cellranger2.0_umap.csv,2505,7,60.28555107116699
3,3,10X_LLU_A_cellranger3.1_umap.csv,2825,7,64.15200686454773
4,4,10X_LLU_A_umitools_umap.csv,2476,7,58.11567354202271
5,5,10X_LLU_A_zumi_umap.csv,2825,7,63.67168021202088
6,6,10X_LLU_B_cellranger2.0_umap.csv,1211,6,38.9036500453949
7,7,10X_LLU_B_cellranger3.1_umap.csv,1327,6,39.85776472091675
8,8,10X_LLU_B_umitools_umap.csv,1184,6,38.4540011882782
9,9,10X_LLU_B_zumi_umap.csv,1207,6,39.195974588394165
10,10,10X_NCI_A_cellranger2.0_umap.csv,5355,9,116.07490992546082
11,11,10X_NCI_A_cellranger3.1_umap.csv,6050,10,139.87898182868958
12,12,10X_NCI_A_umitools_umap.csv,5344,9,117.30243849754332
13,13,10X_NCI_A_zumi_umap.csv,5385,9,117.70424222946168
14,14,10X_NCI_B_cellranger2.0_umap.csv,2585,7,60.535993337631226
15,15,10X_NCI_B_cellranger3.1_umap.csv,3059,8,71.13637471199036
16,16,10X_NCI_B_umitools_umap.csv,2630,8,64.75459909439087
17,17,10X_NCI_B_zumi_umap.csv,2836,7,64.50928544998169
18,18,10X_NCI_M_A_cellranger2.0_umap.csv,5354,9,116.94158625602722
19,19,10X_NCI_M_A_cellranger3.1_umap.csv,6097,9,131.3720293045044
20,20,10X_NCI_M_A_umitools_umap.csv,5339,9,117.42785024642944
21,21,10X_NCI_M_A_zumi_umap.csv,5416,9,118.9686634540558
22,22,10X_NCI_M_B_cellranger2.0_umap.csv,2589,7,60.23471212387085
23,23,10X_NCI_M_B_cellranger3.1_umap.csv,3046,8,72.21102237701416
24,24,10X_NCI_M_B_umitools_umap.csv,2628,7,61.76417350769043
25,25,10X_NCI_M_B_zumi_umap.csv,2805,8,68.6438353061676
26,26,C1_FDA_HT_A_featureCounts_umap.csv,197,3,24.320662021636963
27,27,C1_FDA_HT_A_kallisto_umap.csv,195,3,24.073983907699585
28,28,C1_FDA_HT_A_rsem_umap.csv,197,3,24.310497760772705
29,29,C1_FDA_HT_B_featureCounts_umap.csv,231,4,24.790221452713013
30,30,C1_FDA_HT_B_kallisto_umap.csv,224,4,24.84861445426941
31,31,C1_FDA_HT_B_rsem_umap.csv,231,4,25.008068561553955
32,32,C1_LLU_A_featureCounts_umap.csv,70,3,24.528688669204712
33,33,C1_LLU_A_kallisto_umap.csv,72,3,23.857238054275516
34,34,C1_LLU_A_rsem_umap.csv,71,3,24.15040063858032
35,35,C1_LLU_B_featureCounts_umap.csv,59,3,24.362059593200684
36,36,C1_LLU_B_kallisto_umap.csv,60,3,24.146665334701535
37,37,C1_LLU_B_rsem_umap.csv,60,3,24.202226877212524
38,38,ICELL8_PE_A_featureCounts_umap.csv,568,5,29.37071180343628
39,39,ICELL8_PE_A_kallisto_umap.csv,570,5,29.00915551185608
40,40,ICELL8_PE_A_rsem_umap.csv,563,5,29.06533932685852
41,41,ICELL8_PE_B_featureCounts_umap.csv,547,4,27.594493627548218
42,42,ICELL8_PE_B_kallisto_umap.csv,551,5,29.36522436141968
43,43,ICELL8_PE_B_rsem_umap.csv,548,5,29.04195618629456
44,44,ICELL8_SE_A_featureCounts_umap.csv,570,4,27.38168239593506
45,45,ICELL8_SE_A_rsem_umap.csv,569,5,29.68384599685669
46,46,ICELL8_SE_B_featureCounts_umap.csv,550,4,27.904266119003296
47,47,ICELL8_SE_B_rsem_umap.csv,549,5,29.266267776489254
0,0,ICELL8_SE_A_kallisto_umap.csv,571,4,31.34486031532288
1,1,ICELL8_SE_B_kallisto_umap.csv,553,5,32.030616998672485
2,2,10X_LLU_A_cellranger2.0_umap.csv,2505,7,65.11345791816711
3,3,10X_LLU_A_cellranger3.1_umap.csv,2825,7,69.28777194023132
4,4,10X_LLU_A_umitools_umap.csv,2476,7,65.04638910293579
5,5,10X_LLU_A_zumi_umap.csv,2825,8,74.6939914226532
6,6,10X_LLU_B_cellranger2.0_umap.csv,1211,6,43.321738481521606
7,7,10X_LLU_B_cellranger3.1_umap.csv,1327,5,42.3863525390625
8,8,10X_LLU_B_umitools_umap.csv,1184,5,40.33499670028687
9,9,10X_LLU_B_zumi_umap.csv,1207,6,42.90756011009216
10,10,10X_NCI_A_cellranger2.0_umap.csv,5355,9,127.20554065704346
11,11,10X_NCI_A_cellranger3.1_umap.csv,6050,10,151.67919445037842
12,12,10X_NCI_A_umitools_umap.csv,5344,9,126.29557037353516
13,13,10X_NCI_A_zumi_umap.csv,5385,9,127.72744917869568
14,14,10X_NCI_B_cellranger2.0_umap.csv,2585,7,66.05411028862
15,15,10X_NCI_B_cellranger3.1_umap.csv,3059,8,78.28773045539856
16,16,10X_NCI_B_umitools_umap.csv,2630,7,67.08852458000183
17,17,10X_NCI_B_zumi_umap.csv,2836,7,69.73804020881653
18,18,10X_NCI_M_A_cellranger2.0_umap.csv,5354,9,126.80872201919556
19,19,10X_NCI_M_A_cellranger3.1_umap.csv,6097,9,140.40700697898865
20,20,10X_NCI_M_A_umitools_umap.csv,5339,9,127.09020829200745
21,21,10X_NCI_M_A_zumi_umap.csv,5416,9,131.39502143859863
22,22,10X_NCI_M_B_cellranger2.0_umap.csv,2589,7,67.1874327659607
23,23,10X_NCI_M_B_cellranger3.1_umap.csv,3046,8,79.24688410758972
24,24,10X_NCI_M_B_umitools_umap.csv,2628,7,67.08217525482178
25,25,10X_NCI_M_B_zumi_umap.csv,2805,7,70.36287760734558
26,26,C1_FDA_HT_A_featureCounts_umap.csv,197,3,27.991857528686523
27,27,C1_FDA_HT_A_kallisto_umap.csv,195,3,27.557396173477173
28,28,C1_FDA_HT_A_rsem_umap.csv,197,3,26.7107892036438
29,29,C1_FDA_HT_B_featureCounts_umap.csv,231,3,27.089680433273315
30,30,C1_FDA_HT_B_kallisto_umap.csv,224,3,27.382319927215576
31,31,C1_FDA_HT_B_rsem_umap.csv,231,3,27.36265730857849
32,32,C1_LLU_A_featureCounts_umap.csv,70,3,26.6077241897583
33,33,C1_LLU_A_kallisto_umap.csv,72,3,27.402634859085083
34,34,C1_LLU_A_rsem_umap.csv,71,3,27.296815633773804
35,35,C1_LLU_B_featureCounts_umap.csv,59,3,27.321690320968628
36,36,C1_LLU_B_kallisto_umap.csv,60,3,27.175719261169437
37,37,C1_LLU_B_rsem_umap.csv,60,3,27.436330556869507
38,38,ICELL8_PE_A_featureCounts_umap.csv,568,4,32.0054292678833
39,39,ICELL8_PE_A_kallisto_umap.csv,570,4,30.776053190231323
40,40,ICELL8_PE_A_rsem_umap.csv,563,5,31.934233903884888
41,41,ICELL8_PE_B_featureCounts_umap.csv,547,4,30.91329598426819
42,42,ICELL8_PE_B_kallisto_umap.csv,551,4,30.35892868041992
43,43,ICELL8_PE_B_rsem_umap.csv,548,4,31.12031197547913
44,44,ICELL8_SE_A_featureCounts_umap.csv,570,4,30.905651092529297
45,45,ICELL8_SE_A_rsem_umap.csv,569,4,31.12086296081543
46,46,ICELL8_SE_B_featureCounts_umap.csv,550,4,30.75709223747253
47,47,ICELL8_SE_B_rsem_umap.csv,549,4,31.625083684921265
0,0,ICELL8_SE_A_kallisto_umap.csv,571,4,30.543748140335083
1,1,ICELL8_SE_B_kallisto_umap.csv,553,5,31.40287709236145
2,2,10X_LLU_A_cellranger2.0_umap.csv,2505,7,64.13905644416809
3,3,10X_LLU_A_cellranger3.1_umap.csv,2825,7,68.44822406768799
4,4,10X_LLU_A_umitools_umap.csv,2476,7,63.590851068496704
5,5,10X_LLU_A_zumi_umap.csv,2825,7,70.02272939682007
6,6,10X_LLU_B_cellranger2.0_umap.csv,1211,5,40.39575839042664
7,7,10X_LLU_B_cellranger3.1_umap.csv,1327,6,43.17463088035584
8,8,10X_LLU_B_umitools_umap.csv,1184,6,41.375237226486206
9,9,10X_LLU_B_zumi_umap.csv,1207,6,42.34883117675781
10,10,10X_NCI_A_cellranger2.0_umap.csv,5355,9,126.07041692733765
11,11,10X_NCI_A_cellranger3.1_umap.csv,6050,9,139.922913312912
12,12,10X_NCI_A_umitools_umap.csv,5344,9,126.07005429267883
13,13,10X_NCI_A_zumi_umap.csv,5385,9,127.32623410224916
14,14,10X_NCI_B_cellranger2.0_umap.csv,2585,7,65.95670676231384
15,15,10X_NCI_B_cellranger3.1_umap.csv,3059,8,77.93668937683105
16,16,10X_NCI_B_umitools_umap.csv,2630,8,71.4068820476532
17,17,10X_NCI_B_zumi_umap.csv,2836,7,70.19789695739746
18,18,10X_NCI_M_A_cellranger2.0_umap.csv,5354,9,127.18777418136597
19,19,10X_NCI_M_A_cellranger3.1_umap.csv,6097,10,152.5249044895172
20,20,10X_NCI_M_A_umitools_umap.csv,5339,9,126.4573621749878
21,21,10X_NCI_M_A_zumi_umap.csv,5416,9,128.1020975112915
22,22,10X_NCI_M_B_cellranger2.0_umap.csv,2589,7,66.26658415794373
23,23,10X_NCI_M_B_cellranger3.1_umap.csv,3046,8,79.50868201255798
24,24,10X_NCI_M_B_umitools_umap.csv,2628,7,66.5008978843689
25,25,10X_NCI_M_B_zumi_umap.csv,2805,7,69.5983419418335
26,26,C1_FDA_HT_A_featureCounts_umap.csv,197,3,25.75638318061829
27,27,C1_FDA_HT_A_kallisto_umap.csv,195,3,26.073442697525024
28,28,C1_FDA_HT_A_rsem_umap.csv,197,3,25.708473920822144
29,29,C1_FDA_HT_B_featureCounts_umap.csv,231,4,26.84087562561035
30,30,C1_FDA_HT_B_kallisto_umap.csv,224,4,26.85101866722107
31,31,C1_FDA_HT_B_rsem_umap.csv,231,4,26.848918199539185
32,32,C1_LLU_A_featureCounts_umap.csv,70,3,25.543520212173465
33,33,C1_LLU_A_kallisto_umap.csv,72,3,27.1310293674469
34,34,C1_LLU_A_rsem_umap.csv,71,3,26.820149898529053
35,35,C1_LLU_B_featureCounts_umap.csv,59,3,26.06593132019043
36,36,C1_LLU_B_kallisto_umap.csv,60,3,26.482818126678467
37,37,C1_LLU_B_rsem_umap.csv,60,3,27.264254331588745
38,38,ICELL8_PE_A_featureCounts_umap.csv,568,5,31.865205764770508
39,39,ICELL8_PE_A_kallisto_umap.csv,570,5,31.83552718162537
40,40,ICELL8_PE_A_rsem_umap.csv,563,5,31.561395168304443
41,41,ICELL8_PE_B_featureCounts_umap.csv,547,4,30.466984033584595
42,42,ICELL8_PE_B_kallisto_umap.csv,551,5,31.5700159072876
43,43,ICELL8_PE_B_rsem_umap.csv,548,4,29.8159019947052
44,44,ICELL8_SE_A_featureCounts_umap.csv,570,4,30.122910499572757
45,45,ICELL8_SE_A_rsem_umap.csv,569,5,31.12874126434326
46,46,ICELL8_SE_B_featureCounts_umap.csv,550,4,30.20682263374329
47,47,ICELL8_SE_B_rsem_umap.csv,549,5,30.95618224143982
0,0,ICELL8_SE_A_kallisto_umap.csv,571,4,30.83428001403809
1,1,ICELL8_SE_B_kallisto_umap.csv,553,5,31.928776741027832
2,2,10X_LLU_A_cellranger2.0_umap.csv,2505,7,68.72227954864502
3,3,10X_LLU_A_cellranger3.1_umap.csv,2825,7,71.39700841903687
4,4,10X_LLU_A_umitools_umap.csv,2476,7,65.64370727539062
5,5,10X_LLU_A_zumi_umap.csv,2825,7,71.88440322875977
6,6,10X_LLU_B_cellranger2.0_umap.csv,1211,6,43.32435655593872
7,7,10X_LLU_B_cellranger3.1_umap.csv,1327,6,44.61868619918823
8,8,10X_LLU_B_umitools_umap.csv,1184,6,42.12781476974487
9,9,10X_LLU_B_zumi_umap.csv,1207,6,43.61586213111877
10,10,10X_NCI_A_cellranger2.0_umap.csv,5355,9,128.35387682914734
11,11,10X_NCI_A_cellranger3.1_umap.csv,6050,10,156.40623116493225
12,12,10X_NCI_A_umitools_umap.csv,5344,9,131.2951648235321
13,13,10X_NCI_A_zumi_umap.csv,5385,9,131.11831212043762
14,14,10X_NCI_B_cellranger2.0_umap.csv,2585,7,66.16384983062744
15,15,10X_NCI_B_cellranger3.1_umap.csv,3059,8,80.07746648788452
16,16,10X_NCI_B_umitools_umap.csv,2630,8,73.13559651374817
17,17,10X_NCI_B_zumi_umap.csv,2836,7,71.5542299747467
18,18,10X_NCI_M_A_cellranger2.0_umap.csv,5354,9,129.2813994884491
19,19,10X_NCI_M_A_cellranger3.1_umap.csv,6097,9,144.66749572753906
20,20,10X_NCI_M_A_umitools_umap.csv,5339,9,130.924010515213
21,21,10X_NCI_M_A_zumi_umap.csv,5416,9,132.71565294265747
22,22,10X_NCI_M_B_cellranger2.0_umap.csv,2589,7,69.93782234191895
23,23,10X_NCI_M_B_cellranger3.1_umap.csv,3046,8,81.08274984359741
24,24,10X_NCI_M_B_umitools_umap.csv,2628,7,69.76914620399475
25,25,10X_NCI_M_B_zumi_umap.csv,2805,8,76.869877576828
26,26,C1_FDA_HT_A_featureCounts_umap.csv,197,3,26.258153200149536
27,27,C1_FDA_HT_A_kallisto_umap.csv,195,3,26.475027799606323
28,28,C1_FDA_HT_A_rsem_umap.csv,197,3,26.391773223876957
29,29,C1_FDA_HT_B_featureCounts_umap.csv,231,4,27.281346082687374
30,30,C1_FDA_HT_B_kallisto_umap.csv,224,4,26.788860082626343
31,31,C1_FDA_HT_B_rsem_umap.csv,231,4,27.225855350494385
32,32,C1_LLU_A_featureCounts_umap.csv,70,3,25.892932415008545
33,33,C1_LLU_A_kallisto_umap.csv,72,3,25.565297603607178
34,34,C1_LLU_A_rsem_umap.csv,71,3,26.170268058776852
35,35,C1_LLU_B_featureCounts_umap.csv,59,3,25.747082233428955
36,36,C1_LLU_B_kallisto_umap.csv,60,3,25.774166584014893
37,37,C1_LLU_B_rsem_umap.csv,60,3,25.6744966506958
38,38,ICELL8_PE_A_featureCounts_umap.csv,568,5,32.024306297302246
39,39,ICELL8_PE_A_kallisto_umap.csv,570,5,31.69681930541992
40,40,ICELL8_PE_A_rsem_umap.csv,563,5,32.44992184638977
41,41,ICELL8_PE_B_featureCounts_umap.csv,547,4,30.286678075790405
42,42,ICELL8_PE_B_kallisto_umap.csv,551,4,30.29217338562012
43,43,ICELL8_PE_B_rsem_umap.csv,548,4,30.368388891220093
44,44,ICELL8_SE_A_featureCounts_umap.csv,570,4,30.860214471817017
45,45,ICELL8_SE_A_rsem_umap.csv,569,5,31.52460813522339
46,46,ICELL8_SE_B_featureCounts_umap.csv,550,4,30.73121953010559
47,47,ICELL8_SE_B_rsem_umap.csv,549,5,31.50182604789734
0,0,ICELL8_SE_A_kallisto_umap.csv,571,4,30.213195085525516
1,1,ICELL8_SE_B_kallisto_umap.csv,553,5,31.57667827606201
2,2,10X_LLU_A_cellranger2.0_umap.csv,2505,7,65.79048109054565
3,3,10X_LLU_A_cellranger3.1_umap.csv,2825,7,70.35142517089844
4,4,10X_LLU_A_umitools_umap.csv,2476,7,65.73127555847168
5,5,10X_LLU_A_zumi_umap.csv,2825,7,69.74784970283508
6,6,10X_LLU_B_cellranger2.0_umap.csv,1211,6,41.804871797561646
7,7,10X_LLU_B_cellranger3.1_umap.csv,1327,6,44.13750171661377
8,8,10X_LLU_B_umitools_umap.csv,1184,6,41.685513496398926
9,9,10X_LLU_B_zumi_umap.csv,1207,6,42.44942831993103
10,10,10X_NCI_A_cellranger2.0_umap.csv,5355,9,128.9929072856903
11,11,10X_NCI_A_cellranger3.1_umap.csv,6050,10,156.52483320236206
12,12,10X_NCI_A_umitools_umap.csv,5344,9,127.77861499786376
13,13,10X_NCI_A_zumi_umap.csv,5385,9,129.0641541481018
14,14,10X_NCI_B_cellranger2.0_umap.csv,2585,7,66.23922371864319
15,15,10X_NCI_B_cellranger3.1_umap.csv,3059,8,78.57557010650635
16,16,10X_NCI_B_umitools_umap.csv,2630,7,67.93832206726074
17,17,10X_NCI_B_zumi_umap.csv,2836,7,70.49626922607422
18,18,10X_NCI_M_A_cellranger2.0_umap.csv,5354,9,131.31770420074463
19,19,10X_NCI_M_A_cellranger3.1_umap.csv,6097,9,142.60735297203064
20,20,10X_NCI_M_A_umitools_umap.csv,5339,10,137.49914574623108
21,21,10X_NCI_M_A_zumi_umap.csv,5416,8,119.67052125930786
22,22,10X_NCI_M_B_cellranger2.0_umap.csv,2589,7,66.50578951835632
23,23,10X_NCI_M_B_cellranger3.1_umap.csv,3046,8,79.6801905632019
24,24,10X_NCI_M_B_umitools_umap.csv,2628,7,67.57071948051453
25,25,10X_NCI_M_B_zumi_umap.csv,2805,7,69.43463921546936
26,26,C1_FDA_HT_A_featureCounts_umap.csv,197,3,25.839905738830566
27,27,C1_FDA_HT_A_kallisto_umap.csv,195,3,25.921252250671387
28,28,C1_FDA_HT_A_rsem_umap.csv,197,3,25.831099033355716
29,29,C1_FDA_HT_B_featureCounts_umap.csv,231,4,26.469780683517456
30,30,C1_FDA_HT_B_kallisto_umap.csv,224,4,26.398911714553837
31,31,C1_FDA_HT_B_rsem_umap.csv,231,4,26.65894317626953
32,32,C1_LLU_A_featureCounts_umap.csv,70,3,27.171831846237183
33,33,C1_LLU_A_kallisto_umap.csv,72,3,25.88670301437378
34,34,C1_LLU_A_rsem_umap.csv,71,3,26.90103769302368
35,35,C1_LLU_B_featureCounts_umap.csv,59,3,26.116268157958984
36,36,C1_LLU_B_kallisto_umap.csv,60,3,25.812371730804443
37,37,C1_LLU_B_rsem_umap.csv,60,3,26.48387241363525
38,38,ICELL8_PE_A_featureCounts_umap.csv,568,5,30.905330419540405
39,39,ICELL8_PE_A_kallisto_umap.csv,570,5,31.942063093185425
40,40,ICELL8_PE_A_rsem_umap.csv,563,5,31.1947922706604
41,41,ICELL8_PE_B_featureCounts_umap.csv,547,4,29.361329317092896
42,42,ICELL8_PE_B_kallisto_umap.csv,551,5,31.221259117126465
43,43,ICELL8_PE_B_rsem_umap.csv,548,4,30.72390055656433
44,44,ICELL8_SE_A_featureCounts_umap.csv,570,4,30.35990023612976
45,45,ICELL8_SE_A_rsem_umap.csv,569,5,32.152472257614136
46,46,ICELL8_SE_B_featureCounts_umap.csv,550,4,29.970048427581787
47,47,ICELL8_SE_B_rsem_umap.csv,549,5,30.6238956451416
0,0,ICELL8_SE_A_kallisto_umap.csv,571,4,30.975869178771973
1,1,ICELL8_SE_B_kallisto_umap.csv,553,5,31.604154348373413
2,2,10X_LLU_A_cellranger2.0_umap.csv,2505,7,64.13739895820618
3,3,10X_LLU_A_cellranger3.1_umap.csv,2825,8,72.97941374778748
4,4,10X_LLU_A_umitools_umap.csv,2476,7,63.276310443878174
5,5,10X_LLU_A_zumi_umap.csv,2825,7,69.82231307029724
6,6,10X_LLU_B_cellranger2.0_umap.csv,1211,6,42.4426908493042
7,7,10X_LLU_B_cellranger3.1_umap.csv,1327,6,43.87782239913941
8,8,10X_LLU_B_umitools_umap.csv,1184,6,41.32210874557495
9,9,10X_LLU_B_zumi_umap.csv,1207,6,42.23150706291199
10,10,10X_NCI_A_cellranger2.0_umap.csv,5355,9,126.3975703716278
11,11,10X_NCI_A_cellranger3.1_umap.csv,6050,9,140.90938544273376
12,12,10X_NCI_A_umitools_umap.csv,5344,9,125.90142154693604
13,13,10X_NCI_A_zumi_umap.csv,5385,10,136.9922072887421
14,14,10X_NCI_B_cellranger2.0_umap.csv,2585,7,65.8581612110138
15,15,10X_NCI_B_cellranger3.1_umap.csv,3059,8,77.22618889808655
16,16,10X_NCI_B_umitools_umap.csv,2630,8,71.02483606338501
17,17,10X_NCI_B_zumi_umap.csv,2836,7,68.7447247505188
18,18,10X_NCI_M_A_cellranger2.0_umap.csv,5354,9,125.63703060150146
19,19,10X_NCI_M_A_cellranger3.1_umap.csv,6097,9,142.46438360214233
20,20,10X_NCI_M_A_umitools_umap.csv,5339,9,127.5397560596466
21,21,10X_NCI_M_A_zumi_umap.csv,5416,8,117.14158630371094
22,22,10X_NCI_M_B_cellranger2.0_umap.csv,2589,7,66.68540549278259
23,23,10X_NCI_M_B_cellranger3.1_umap.csv,3046,8,77.62536597251892
24,24,10X_NCI_M_B_umitools_umap.csv,2628,7,65.8329610824585
25,25,10X_NCI_M_B_zumi_umap.csv,2805,7,69.80667233467102
26,26,C1_FDA_HT_A_featureCounts_umap.csv,197,3,26.259864568710327
27,27,C1_FDA_HT_A_kallisto_umap.csv,195,3,25.91051125526428
28,28,C1_FDA_HT_A_rsem_umap.csv,197,3,25.859110832214355
29,29,C1_FDA_HT_B_featureCounts_umap.csv,231,4,27.304469108581543
30,30,C1_FDA_HT_B_kallisto_umap.csv,224,4,26.680917978286743
31,31,C1_FDA_HT_B_rsem_umap.csv,231,4,26.919130086898804
32,32,C1_LLU_A_featureCounts_umap.csv,70,3,26.792723178863525
33,33,C1_LLU_A_kallisto_umap.csv,72,3,27.50653314590454
34,34,C1_LLU_A_rsem_umap.csv,71,3,25.85754895210266
35,35,C1_LLU_B_featureCounts_umap.csv,59,3,26.3855082988739
36,36,C1_LLU_B_kallisto_umap.csv,60,3,26.42223262786865
37,37,C1_LLU_B_rsem_umap.csv,60,3,26.773956775665283
38,38,ICELL8_PE_A_featureCounts_umap.csv,568,5,31.719246864318848
39,39,ICELL8_PE_A_kallisto_umap.csv,570,5,31.46884536743164
40,40,ICELL8_PE_A_rsem_umap.csv,563,5,31.431062698364254
41,41,ICELL8_PE_B_featureCounts_umap.csv,547,4,29.932897806167603
42,42,ICELL8_PE_B_kallisto_umap.csv,551,5,31.18421173095703
43,43,ICELL8_PE_B_rsem_umap.csv,548,5,31.20352792739868
44,44,ICELL8_SE_A_featureCounts_umap.csv,570,4,30.60090494155884
45,45,ICELL8_SE_A_rsem_umap.csv,569,5,31.92384362220764
46,46,ICELL8_SE_B_featureCounts_umap.csv,550,4,30.37925672531128
47,47,ICELL8_SE_B_rsem_umap.csv,549,5,31.58323884010315
0,0,ICELL8_SE_A_kallisto_umap.csv,571,4,31.60009765625
1,1,ICELL8_SE_B_kallisto_umap.csv,553,5,32.04314684867859
2,2,10X_LLU_A_cellranger2.0_umap.csv,2505,6,62.14633059501648
3,3,10X_LLU_A_cellranger3.1_umap.csv,2825,7,71.44964385032654
4,4,10X_LLU_A_umitools_umap.csv,2476,7,65.7375271320343
5,5,10X_LLU_A_zumi_umap.csv,2825,7,70.30841112136841
6,6,10X_LLU_B_cellranger2.0_umap.csv,1211,5,40.61584401130676
7,7,10X_LLU_B_cellranger3.1_umap.csv,1327,5,41.78643846511841
8,8,10X_LLU_B_umitools_umap.csv,1184,5,39.72073984146118
9,9,10X_LLU_B_zumi_umap.csv,1207,5,40.31129336357117
10,10,10X_NCI_A_cellranger2.0_umap.csv,5355,8,121.58428621292114
11,11,10X_NCI_A_cellranger3.1_umap.csv,6050,9,145.47803330421448
12,12,10X_NCI_A_umitools_umap.csv,5344,8,120.85204935073853
13,13,10X_NCI_A_zumi_umap.csv,5385,9,130.89797019958496
14,14,10X_NCI_B_cellranger2.0_umap.csv,2585,6,62.41679334640503
15,15,10X_NCI_B_cellranger3.1_umap.csv,3059,8,80.36620664596558
16,16,10X_NCI_B_umitools_umap.csv,2630,7,68.52086067199707
17,17,10X_NCI_B_zumi_umap.csv,2836,7,73.03321433067322
18,18,10X_NCI_M_A_cellranger2.0_umap.csv,5354,8,119.54193997383118
19,19,10X_NCI_M_A_cellranger3.1_umap.csv,6097,10,157.29142808914185
20,20,10X_NCI_M_A_umitools_umap.csv,5339,8,120.16810274124146
21,21,10X_NCI_M_A_zumi_umap.csv,5416,8,121.26300311088562
22,22,10X_NCI_M_B_cellranger2.0_umap.csv,2589,7,67.38402891159058
23,23,10X_NCI_M_B_cellranger3.1_umap.csv,3046,8,80.16029524803162
24,24,10X_NCI_M_B_umitools_umap.csv,2628,7,67.46776366233826
25,25,10X_NCI_M_B_zumi_umap.csv,2805,7,70.33945083618164
26,26,C1_FDA_HT_A_featureCounts_umap.csv,197,3,26.557794332504272
27,27,C1_FDA_HT_A_kallisto_umap.csv,195,3,26.25925302505493
28,28,C1_FDA_HT_A_rsem_umap.csv,197,3,26.454284191131592
29,29,C1_FDA_HT_B_featureCounts_umap.csv,231,3,26.354875326156616
30,30,C1_FDA_HT_B_kallisto_umap.csv,224,3,27.07436990737915
31,31,C1_FDA_HT_B_rsem_umap.csv,231,3,25.931495189666748
32,32,C1_LLU_A_featureCounts_umap.csv,70,3,27.07521367073059
33,33,C1_LLU_A_kallisto_umap.csv,72,3,26.939416885375977
34,34,C1_LLU_A_rsem_umap.csv,71,3,26.963858127593998
35,35,C1_LLU_B_featureCounts_umap.csv,59,3,26.17967414855957
36,36,C1_LLU_B_kallisto_umap.csv,60,3,26.53822660446167
37,37,C1_LLU_B_rsem_umap.csv,60,3,26.752161741256717
38,38,ICELL8_PE_A_featureCounts_umap.csv,568,4,30.623039722442627
39,39,ICELL8_PE_A_kallisto_umap.csv,570,4,30.493982553482056
40,40,ICELL8_PE_A_rsem_umap.csv,563,5,32.01761102676392
41,41,ICELL8_PE_B_featureCounts_umap.csv,547,4,30.02714729309082
42,42,ICELL8_PE_B_kallisto_umap.csv,551,4,30.625741243362427
43,43,ICELL8_PE_B_rsem_umap.csv,548,4,31.25788807868957
44,44,ICELL8_SE_A_featureCounts_umap.csv,570,4,30.886185884475708
45,45,ICELL8_SE_A_rsem_umap.csv,569,4,31.04861950874329
46,46,ICELL8_SE_B_featureCounts_umap.csv,550,4,31.13407254219055
47,47,ICELL8_SE_B_rsem_umap.csv,549,5,31.925307750701904
0,0,ICELL8_SE_A_kallisto_umap.csv,571,4,32.36295437812805
1,1,ICELL8_SE_B_kallisto_umap.csv,553,5,33.379836082458496
2,2,10X_LLU_A_cellranger2.0_umap.csv,2505,7,72.91660499572754
3,3,10X_LLU_A_cellranger3.1_umap.csv,2825,7,77.5815737247467
4,4,10X_LLU_A_umitools_umap.csv,2476,8,77.05546927452087
5,5,10X_LLU_A_zumi_umap.csv,2825,8,84.82145881652832
6,6,10X_LLU_B_cellranger2.0_umap.csv,1211,5,43.38399767875672
7,7,10X_LLU_B_cellranger3.1_umap.csv,1327,6,47.7135636806488
8,8,10X_LLU_B_umitools_umap.csv,1184,6,45.42549180984497
9,9,10X_LLU_B_zumi_umap.csv,1207,6,45.81393122673035
10,10,10X_NCI_A_cellranger2.0_umap.csv,5355,8,133.9428231716156
11,11,10X_NCI_A_cellranger3.1_umap.csv,6050,9,162.8670814037323
12,12,10X_NCI_A_umitools_umap.csv,5344,9,146.17733764648438
13,13,10X_NCI_A_zumi_umap.csv,5385,9,147.36246466636658
14,14,10X_NCI_B_cellranger2.0_umap.csv,2585,7,73.47098445892334
15,15,10X_NCI_B_cellranger3.1_umap.csv,3059,8,88.1243462562561
16,16,10X_NCI_B_umitools_umap.csv,2630,7,73.89099621772766
17,17,10X_NCI_B_zumi_umap.csv,2836,8,83.82629632949829
18,18,10X_NCI_M_A_cellranger2.0_umap.csv,5354,9,147.78155493736267
19,19,10X_NCI_M_A_cellranger3.1_umap.csv,6097,10,178.57451796531677
20,20,10X_NCI_M_A_umitools_umap.csv,5339,9,147.77901649475098
21,21,10X_NCI_M_A_zumi_umap.csv,5416,9,150.70996356010437
22,22,10X_NCI_M_B_cellranger2.0_umap.csv,2589,7,73.78930616378784
23,23,10X_NCI_M_B_cellranger3.1_umap.csv,3046,8,88.3261046409607
24,24,10X_NCI_M_B_umitools_umap.csv,2628,7,73.89623522758484
25,25,10X_NCI_M_B_zumi_umap.csv,2805,7,76.24098515510559
26,26,C1_FDA_HT_A_featureCounts_umap.csv,197,3,26.993687391281128
27,27,C1_FDA_HT_A_kallisto_umap.csv,195,3,26.753378868103027
28,28,C1_FDA_HT_A_rsem_umap.csv,197,3,26.9897255897522
29,29,C1_FDA_HT_B_featureCounts_umap.csv,231,4,28.412387371063232
30,30,C1_FDA_HT_B_kallisto_umap.csv,224,4,28.11550784111023
31,31,C1_FDA_HT_B_rsem_umap.csv,231,4,28.13843822479248
32,32,C1_LLU_A_featureCounts_umap.csv,70,3,26.93783569335937
33,33,C1_LLU_A_kallisto_umap.csv,72,3,26.562804222106934
34,34,C1_LLU_A_rsem_umap.csv,71,3,27.055938959121704
35,35,C1_LLU_B_featureCounts_umap.csv,59,3,27.54447627067566
36,36,C1_LLU_B_kallisto_umap.csv,60,3,27.09432172775269
37,37,C1_LLU_B_rsem_umap.csv,60,3,26.68630170822144
38,38,ICELL8_PE_A_featureCounts_umap.csv,568,5,33.4351761341095
39,39,ICELL8_PE_A_kallisto_umap.csv,570,5,34.09531259536743
40,40,ICELL8_PE_A_rsem_umap.csv,563,5,33.333855628967285
41,41,ICELL8_PE_B_featureCounts_umap.csv,547,4,32.217865228652954
42,42,ICELL8_PE_B_kallisto_umap.csv,551,5,33.53480172157288
43,43,ICELL8_PE_B_rsem_umap.csv,548,5,32.81914258003235
44,44,ICELL8_SE_A_featureCounts_umap.csv,570,4,31.73161268234253
45,45,ICELL8_SE_A_rsem_umap.csv,569,5,34.02654409408569
46,46,ICELL8_SE_B_featureCounts_umap.csv,550,4,31.508877515792847
47,47,ICELL8_SE_B_rsem_umap.csv,549,5,33.03216552734375
0,0,ICELL8_SE_A_kallisto_umap.csv,571,4,30.98882508277893
1,1,ICELL8_SE_B_kallisto_umap.csv,553,5,32.247156620025635
2,2,10X_LLU_A_cellranger2.0_umap.csv,2505,7,65.50257706642151
3,3,10X_LLU_A_cellranger3.1_umap.csv,2825,7,69.44647216796875
4,4,10X_LLU_A_umitools_umap.csv,2476,7,65.56173276901245
5,5,10X_LLU_A_zumi_umap.csv,2825,7,70.13422966003418
6,6,10X_LLU_B_cellranger2.0_umap.csv,1211,6,43.5877480506897
7,7,10X_LLU_B_cellranger3.1_umap.csv,1327,6,43.85918354988098
8,8,10X_LLU_B_umitools_umap.csv,1184,6,42.53359150886536
9,9,10X_LLU_B_zumi_umap.csv,1207,6,43.20196604728699
10,10,10X_NCI_A_cellranger2.0_umap.csv,5355,9,127.5920910835266
11,11,10X_NCI_A_cellranger3.1_umap.csv,6050,10,150.52568101882937
12,12,10X_NCI_A_umitools_umap.csv,5344,9,126.87227869033812
13,13,10X_NCI_A_zumi_umap.csv,5385,9,129.89665865898132
14,14,10X_NCI_B_cellranger2.0_umap.csv,2585,7,66.21782326698303
15,15,10X_NCI_B_cellranger3.1_umap.csv,3059,8,79.29713320732117
16,16,10X_NCI_B_umitools_umap.csv,2630,8,72.31188821792603
17,17,10X_NCI_B_zumi_umap.csv,2836,7,70.04803133010864
18,18,10X_NCI_M_A_cellranger2.0_umap.csv,5354,9,128.8956687450409
19,19,10X_NCI_M_A_cellranger3.1_umap.csv,6097,10,154.89449620246887
20,20,10X_NCI_M_A_umitools_umap.csv,5339,9,129.49925184249878
21,21,10X_NCI_M_A_zumi_umap.csv,5416,9,130.66062664985657
22,22,10X_NCI_M_B_cellranger2.0_umap.csv,2589,7,66.66131830215454
23,23,10X_NCI_M_B_cellranger3.1_umap.csv,3046,8,77.99096369743347
24,24,10X_NCI_M_B_umitools_umap.csv,2628,7,67.15579199790955
25,25,10X_NCI_M_B_zumi_umap.csv,2805,7,71.53599214553833
26,26,C1_FDA_HT_A_featureCounts_umap.csv,197,3,26.15170192718506
27,27,C1_FDA_HT_A_kallisto_umap.csv,195,3,26.524881601333615
28,28,C1_FDA_HT_A_rsem_umap.csv,197,3,26.934783697128296
29,29,C1_FDA_HT_B_featureCounts_umap.csv,231,4,27.174384593963623
30,30,C1_FDA_HT_B_kallisto_umap.csv,224,4,27.3837947845459
31,31,C1_FDA_HT_B_rsem_umap.csv,231,4,28.24807119369507
32,32,C1_LLU_A_featureCounts_umap.csv,70,3,26.333165407180783
33,33,C1_LLU_A_kallisto_umap.csv,72,3,26.404120922088623
34,34,C1_LLU_A_rsem_umap.csv,71,3,26.519526958465576
35,35,C1_LLU_B_featureCounts_umap.csv,59,3,26.4763286113739
36,36,C1_LLU_B_kallisto_umap.csv,60,3,26.668893098831177
37,37,C1_LLU_B_rsem_umap.csv,60,3,26.29965567588806
38,38,ICELL8_PE_A_featureCounts_umap.csv,568,5,32.03424048423767
39,39,ICELL8_PE_A_kallisto_umap.csv,570,5,31.84258484840393
40,40,ICELL8_PE_A_rsem_umap.csv,563,5,31.27981162071228
41,41,ICELL8_PE_B_featureCounts_umap.csv,547,4,31.217145204544067
42,42,ICELL8_PE_B_kallisto_umap.csv,551,5,32.88239359855652
43,43,ICELL8_PE_B_rsem_umap.csv,548,4,30.84858703613281
44,44,ICELL8_SE_A_featureCounts_umap.csv,570,4,31.352344274520878
45,45,ICELL8_SE_A_rsem_umap.csv,569,5,32.17282032966614
46,46,ICELL8_SE_B_featureCounts_umap.csv,550,5,32.04693365097046
47,47,ICELL8_SE_B_rsem_umap.csv,549,5,31.50263857841492
0,0,ICELL8_SE_A_kallisto_umap.csv,571,4,32.32680821418762
1,1,ICELL8_SE_B_kallisto_umap.csv,553,5,33.14557433128357
2,2,10X_LLU_A_cellranger2.0_umap.csv,2505,7,70.5672504901886
3,3,10X_LLU_A_cellranger3.1_umap.csv,2825,7,78.26464223861694
4,4,10X_LLU_A_umitools_umap.csv,2476,7,70.70334839820862
5,5,10X_LLU_A_zumi_umap.csv,2825,7,77.96419095993042
6,6,10X_LLU_B_cellranger2.0_umap.csv,1211,6,45.5679132938385
7,7,10X_LLU_B_cellranger3.1_umap.csv,1327,6,47.21861147880554
8,8,10X_LLU_B_umitools_umap.csv,1184,6,44.52495074272156
9,9,10X_LLU_B_zumi_umap.csv,1207,6,45.18240165710449
10,10,10X_NCI_A_cellranger2.0_umap.csv,5355,9,147.73411679267883
11,11,10X_NCI_A_cellranger3.1_umap.csv,6050,9,163.7912459373474
12,12,10X_NCI_A_umitools_umap.csv,5344,9,145.13851714134216
13,13,10X_NCI_A_zumi_umap.csv,5385,9,147.21990060806274
14,14,10X_NCI_B_cellranger2.0_umap.csv,2585,7,72.62011098861694
15,15,10X_NCI_B_cellranger3.1_umap.csv,3059,8,87.37531781196594
16,16,10X_NCI_B_umitools_umap.csv,2630,7,74.99829530715942
17,17,10X_NCI_B_zumi_umap.csv,2836,7,77.21287298202515
18,18,10X_NCI_M_A_cellranger2.0_umap.csv,5354,9,147.97642278671265
19,19,10X_NCI_M_A_cellranger3.1_umap.csv,6097,10,175.93712520599365
20,20,10X_NCI_M_A_umitools_umap.csv,5339,9,147.5166676044464
21,21,10X_NCI_M_A_zumi_umap.csv,5416,9,148.37528896331787
22,22,10X_NCI_M_B_cellranger2.0_umap.csv,2589,7,72.42187762260437
23,23,10X_NCI_M_B_cellranger3.1_umap.csv,3046,8,89.65554070472717
24,24,10X_NCI_M_B_umitools_umap.csv,2628,7,73.76764106750488
25,25,10X_NCI_M_B_zumi_umap.csv,2805,7,77.72489833831787
26,26,C1_FDA_HT_A_featureCounts_umap.csv,197,3,26.89213728904724
27,27,C1_FDA_HT_A_kallisto_umap.csv,195,4,27.45849084854126
28,28,C1_FDA_HT_A_rsem_umap.csv,197,3,26.560911655426025
29,29,C1_FDA_HT_B_featureCounts_umap.csv,231,4,27.37574505805969
30,30,C1_FDA_HT_B_kallisto_umap.csv,224,4,27.501615285873413
31,31,C1_FDA_HT_B_rsem_umap.csv,231,4,27.524471282958984
32,32,C1_LLU_A_featureCounts_umap.csv,70,3,26.17510437965393
33,33,C1_LLU_A_kallisto_umap.csv,72,3,25.95424747467041
34,34,C1_LLU_A_rsem_umap.csv,71,3,26.07489776611328
35,35,C1_LLU_B_featureCounts_umap.csv,59,3,26.49724173545837
36,36,C1_LLU_B_kallisto_umap.csv,60,3,26.656980991363525
37,37,C1_LLU_B_rsem_umap.csv,60,3,26.31093406677246
38,38,ICELL8_PE_A_featureCounts_umap.csv,568,5,33.38472104072571
39,39,ICELL8_PE_A_kallisto_umap.csv,570,5,33.73974275588989
40,40,ICELL8_PE_A_rsem_umap.csv,563,5,34.16706299781799
41,41,ICELL8_PE_B_featureCounts_umap.csv,547,4,32.50377607345581
42,42,ICELL8_PE_B_kallisto_umap.csv,551,4,31.954278707504272
43,43,ICELL8_PE_B_rsem_umap.csv,548,5,33.60014653205872
44,44,ICELL8_SE_A_featureCounts_umap.csv,570,4,32.508315563201904
45,45,ICELL8_SE_A_rsem_umap.csv,569,5,33.37708377838135
46,46,ICELL8_SE_B_featureCounts_umap.csv,550,5,33.53060579299927
47,47,ICELL8_SE_B_rsem_umap.csv,549,5,33.098071813583374
0,0,ICELL8_SE_A_kallisto_umap.csv,571,4,31.36714243888855
1,1,ICELL8_SE_B_kallisto_umap.csv,553,5,31.75119972229004
2,2,10X_LLU_A_cellranger2.0_umap.csv,2505,7,63.81990194320679
3,3,10X_LLU_A_cellranger3.1_umap.csv,2825,7,69.66964793205261
4,4,10X_LLU_A_umitools_umap.csv,2476,7,64.02052783966064
5,5,10X_LLU_A_zumi_umap.csv,2825,7,69.0537006855011
6,6,10X_LLU_B_cellranger2.0_umap.csv,1211,6,42.92300367355347
7,7,10X_LLU_B_cellranger3.1_umap.csv,1327,5,42.42882132530213
8,8,10X_LLU_B_umitools_umap.csv,1184,5,40.24787449836731
9,9,10X_LLU_B_zumi_umap.csv,1207,5,40.42993807792664
10,10,10X_NCI_A_cellranger2.0_umap.csv,5355,9,128.20039892196655
11,11,10X_NCI_A_cellranger3.1_umap.csv,6050,9,141.5832109451294
12,12,10X_NCI_A_umitools_umap.csv,5344,9,128.17310643196106
13,13,10X_NCI_A_zumi_umap.csv,5385,9,127.422935962677
14,14,10X_NCI_B_cellranger2.0_umap.csv,2585,7,66.86712050437927
15,15,10X_NCI_B_cellranger3.1_umap.csv,3059,8,78.83089780807495
16,16,10X_NCI_B_umitools_umap.csv,2630,7,66.34844398498535
17,17,10X_NCI_B_zumi_umap.csv,2836,7,70.08788084983826
18,18,10X_NCI_M_A_cellranger2.0_umap.csv,5354,8,118.79017043113708
19,19,10X_NCI_M_A_cellranger3.1_umap.csv,6097,10,156.07468509674072
20,20,10X_NCI_M_A_umitools_umap.csv,5339,9,126.34793424606325
21,21,10X_NCI_M_A_zumi_umap.csv,5416,8,119.0095546245575
22,22,10X_NCI_M_B_cellranger2.0_umap.csv,2589,7,66.14002537727356
23,23,10X_NCI_M_B_cellranger3.1_umap.csv,3046,8,77.29098176956177
24,24,10X_NCI_M_B_umitools_umap.csv,2628,7,66.85776901245117
25,25,10X_NCI_M_B_zumi_umap.csv,2805,7,69.95113635063171
26,26,C1_FDA_HT_A_featureCounts_umap.csv,197,3,26.759515047073364
27,27,C1_FDA_HT_A_kallisto_umap.csv,195,3,26.695066928863525
28,28,C1_FDA_HT_A_rsem_umap.csv,197,3,26.892430543899536
29,29,C1_FDA_HT_B_featureCounts_umap.csv,231,3,27.010969161987305
30,30,C1_FDA_HT_B_kallisto_umap.csv,224,3,28.107429265975952
31,31,C1_FDA_HT_B_rsem_umap.csv,231,3,27.138283014297485
32,32,C1_LLU_A_featureCounts_umap.csv,70,3,26.0778169631958
33,33,C1_LLU_A_kallisto_umap.csv,72,3,26.70408272743225
34,34,C1_LLU_A_rsem_umap.csv,71,3,26.357956647872925
35,35,C1_LLU_B_featureCounts_umap.csv,59,3,26.83090853691101
36,36,C1_LLU_B_kallisto_umap.csv,60,3,26.906890153884888
37,37,C1_LLU_B_rsem_umap.csv,60,3,27.143770217895508
38,38,ICELL8_PE_A_featureCounts_umap.csv,568,4,31.64064931869507
39,39,ICELL8_PE_A_kallisto_umap.csv,570,4,30.593734741210938
40,40,ICELL8_PE_A_rsem_umap.csv,563,4,31.39765214920044
41,41,ICELL8_PE_B_featureCounts_umap.csv,547,4,31.04365062713623
42,42,ICELL8_PE_B_kallisto_umap.csv,551,4,31.478704929351807
43,43,ICELL8_PE_B_rsem_umap.csv,548,4,30.923859357833862
44,44,ICELL8_SE_A_featureCounts_umap.csv,570,4,31.52252531051636
45,45,ICELL8_SE_A_rsem_umap.csv,569,4,31.547493934631348
46,46,ICELL8_SE_B_featureCounts_umap.csv,550,4,30.92053294181824
47,47,ICELL8_SE_B_rsem_umap.csv,549,5,33.053417682647705
0,0,ICELL8_SE_A_kallisto_umap.csv,571,4,32.70568633079529
1,1,ICELL8_SE_B_kallisto_umap.csv,553,5,33.16903758049011
2,2,10X_LLU_A_cellranger2.0_umap.csv,2505,7,70.34673380851746
3,3,10X_LLU_A_cellranger3.1_umap.csv,2825,7,75.554128408432
4,4,10X_LLU_A_umitools_umap.csv,2476,7,67.76725101470947
5,5,10X_LLU_A_zumi_umap.csv,2825,7,73.69058918952942
6,6,10X_LLU_B_cellranger2.0_umap.csv,1211,5,40.69879508018494
7,7,10X_LLU_B_cellranger3.1_umap.csv,1327,5,43.963425636291504
8,8,10X_LLU_B_umitools_umap.csv,1184,5,41.00152230262756
9,9,10X_LLU_B_zumi_umap.csv,1207,5,41.540263414382935
10,10,10X_NCI_A_cellranger2.0_umap.csv,5355,9,139.54933547973633
11,11,10X_NCI_A_cellranger3.1_umap.csv,6050,9,153.00232529640198
12,12,10X_NCI_A_umitools_umap.csv,5344,8,126.94393396377563
13,13,10X_NCI_A_zumi_umap.csv,5385,8,128.96210956573486
14,14,10X_NCI_B_cellranger2.0_umap.csv,2585,7,70.7529411315918
15,15,10X_NCI_B_cellranger3.1_umap.csv,3059,7,79.19620776176453
16,16,10X_NCI_B_umitools_umap.csv,2630,7,71.55372262001038
17,17,10X_NCI_B_zumi_umap.csv,2836,7,75.50970125198364
18,18,10X_NCI_M_A_cellranger2.0_umap.csv,5354,8,132.17178177833557
19,19,10X_NCI_M_A_cellranger3.1_umap.csv,6097,10,171.46894645690918
20,20,10X_NCI_M_A_umitools_umap.csv,5339,9,140.35580110549927
21,21,10X_NCI_M_A_zumi_umap.csv,5416,8,129.00090074539185
22,22,10X_NCI_M_B_cellranger2.0_umap.csv,2589,7,69.85161566734314
23,23,10X_NCI_M_B_cellranger3.1_umap.csv,3046,8,84.82381892204285
24,24,10X_NCI_M_B_umitools_umap.csv,2628,6,66.41517686843872
25,25,10X_NCI_M_B_zumi_umap.csv,2805,7,74.51588892936707
26,26,C1_FDA_HT_A_featureCounts_umap.csv,197,3,26.853972673416138
27,27,C1_FDA_HT_A_kallisto_umap.csv,195,3,26.831687927246094
28,28,C1_FDA_HT_A_rsem_umap.csv,197,3,26.510771989822388
29,29,C1_FDA_HT_B_featureCounts_umap.csv,231,3,26.773802042007446
30,30,C1_FDA_HT_B_kallisto_umap.csv,224,3,26.75139284133911
31,31,C1_FDA_HT_B_rsem_umap.csv,231,3,27.47196102142334
32,32,C1_LLU_A_featureCounts_umap.csv,70,3,26.82151770591736
33,33,C1_LLU_A_kallisto_umap.csv,72,3,26.716007232666016
34,34,C1_LLU_A_rsem_umap.csv,71,3,27.047643661499023
35,35,C1_LLU_B_featureCounts_umap.csv,59,3,27.11674666404724
36,36,C1_LLU_B_kallisto_umap.csv,60,3,27.199702978134155
37,37,C1_LLU_B_rsem_umap.csv,60,3,27.536830186843872
38,38,ICELL8_PE_A_featureCounts_umap.csv,568,4,30.691192865371704
39,39,ICELL8_PE_A_kallisto_umap.csv,570,4,31.31399440765381
40,40,ICELL8_PE_A_rsem_umap.csv,563,4,30.878639459609985
41,41,ICELL8_PE_B_featureCounts_umap.csv,547,4,31.562784433364868
42,42,ICELL8_PE_B_kallisto_umap.csv,551,4,31.706743478775024
43,43,ICELL8_PE_B_rsem_umap.csv,548,4,31.543340921401978
44,44,ICELL8_SE_A_featureCounts_umap.csv,570,4,32.038294553756714
45,45,ICELL8_SE_A_rsem_umap.csv,569,4,30.98045825958252
46,46,ICELL8_SE_B_featureCounts_umap.csv,550,4,30.98652219772339
47,47,ICELL8_SE_B_rsem_umap.csv,549,5,32.86932873725891
0,0,ICELL8_SE_A_kallisto_umap.csv,571,4,32.27229070663452
1,1,ICELL8_SE_B_kallisto_umap.csv,553,5,33.4053258895874
2,2,10X_LLU_A_cellranger2.0_umap.csv,2505,7,68.34169340133667
3,3,10X_LLU_A_cellranger3.1_umap.csv,2825,7,72.93446683883667
4,4,10X_LLU_A_umitools_umap.csv,2476,7,68.56980967521667
5,5,10X_LLU_A_zumi_umap.csv,2825,7,73.60440731048584
6,6,10X_LLU_B_cellranger2.0_umap.csv,1211,6,44.91406512260437
7,7,10X_LLU_B_cellranger3.1_umap.csv,1327,6,46.00482940673828
8,8,10X_LLU_B_umitools_umap.csv,1184,6,44.08448266983032
9,9,10X_LLU_B_zumi_umap.csv,1207,6,45.136478662490845
10,10,10X_NCI_A_cellranger2.0_umap.csv,5355,9,135.05854654312134
11,11,10X_NCI_A_cellranger3.1_umap.csv,6050,9,150.19865489006042
12,12,10X_NCI_A_umitools_umap.csv,5344,9,136.01590418815613
13,13,10X_NCI_A_zumi_umap.csv,5385,9,134.92538237571716
14,14,10X_NCI_B_cellranger2.0_umap.csv,2585,7,69.26811194419861
15,15,10X_NCI_B_cellranger3.1_umap.csv,3059,8,83.2291853427887
16,16,10X_NCI_B_umitools_umap.csv,2630,8,75.51959204673767
17,17,10X_NCI_B_zumi_umap.csv,2836,7,74.23043584823608
18,18,10X_NCI_M_A_cellranger2.0_umap.csv,5354,9,133.30583143234253
19,19,10X_NCI_M_A_cellranger3.1_umap.csv,6097,10,161.59200835227966
20,20,10X_NCI_M_A_umitools_umap.csv,5339,10,143.45900893211365
21,21,10X_NCI_M_A_zumi_umap.csv,5416,9,136.6343290805817
22,22,10X_NCI_M_B_cellranger2.0_umap.csv,2589,7,69.33309268951416
23,23,10X_NCI_M_B_cellranger3.1_umap.csv,3046,8,82.26011371612549
24,24,10X_NCI_M_B_umitools_umap.csv,2628,7,70.6269142627716
25,25,10X_NCI_M_B_zumi_umap.csv,2805,7,74.24424624443054
26,26,C1_FDA_HT_A_featureCounts_umap.csv,197,3,27.421066522598267
27,27,C1_FDA_HT_A_kallisto_umap.csv,195,3,27.13074898719788
28,28,C1_FDA_HT_A_rsem_umap.csv,197,3,26.526551246643063
29,29,C1_FDA_HT_B_featureCounts_umap.csv,231,4,27.770424127578732
30,30,C1_FDA_HT_B_kallisto_umap.csv,224,4,27.55699920654297
31,31,C1_FDA_HT_B_rsem_umap.csv,231,4,27.50605607032776
32,32,C1_LLU_A_featureCounts_umap.csv,70,3,26.708064794540405
33,33,C1_LLU_A_kallisto_umap.csv,72,3,27.14065456390381
34,34,C1_LLU_A_rsem_umap.csv,71,3,26.976358890533447
35,35,C1_LLU_B_featureCounts_umap.csv,59,3,26.680827379226685
36,36,C1_LLU_B_kallisto_umap.csv,60,3,26.91800022125244
37,37,C1_LLU_B_rsem_umap.csv,60,3,27.202274560928345
38,38,ICELL8_PE_A_featureCounts_umap.csv,568,5,33.54257035255432
39,39,ICELL8_PE_A_kallisto_umap.csv,570,5,32.18008208274841
40,40,ICELL8_PE_A_rsem_umap.csv,563,5,32.577231884002686
41,41,ICELL8_PE_B_featureCounts_umap.csv,547,4,31.182180643081665
42,42,ICELL8_PE_B_kallisto_umap.csv,551,5,32.8127863407135
43,43,ICELL8_PE_B_rsem_umap.csv,548,5,32.33577084541321
44,44,ICELL8_SE_A_featureCounts_umap.csv,570,4,31.83663773536682
45,45,ICELL8_SE_A_rsem_umap.csv,569,5,33.51459074020386
46,46,ICELL8_SE_B_featureCounts_umap.csv,550,4,31.744906663894653
47,47,ICELL8_SE_B_rsem_umap.csv,549,5,31.857269525527958
0,0,ICELL8_SE_A_kallisto_umap.csv,571,4,31.779433012008667
1,1,ICELL8_SE_B_kallisto_umap.csv,553,5,32.62159895896912
2,2,10X_LLU_A_cellranger2.0_umap.csv,2505,7,66.5309157371521
3,3,10X_LLU_A_cellranger3.1_umap.csv,2825,7,73.62167763710022
4,4,10X_LLU_A_umitools_umap.csv,2476,7,67.43742656707764
5,5,10X_LLU_A_zumi_umap.csv,2825,7,72.95103859901428
6,6,10X_LLU_B_cellranger2.0_umap.csv,1211,6,43.904731035232544
7,7,10X_LLU_B_cellranger3.1_umap.csv,1327,6,44.56234860420227
8,8,10X_LLU_B_umitools_umap.csv,1184,6,42.67010188102722
9,9,10X_LLU_B_zumi_umap.csv,1207,5,41.06415390968323
10,10,10X_NCI_A_cellranger2.0_umap.csv,5355,9,132.67475032806396
11,11,10X_NCI_A_cellranger3.1_umap.csv,6050,10,160.02263879776
12,12,10X_NCI_A_umitools_umap.csv,5344,9,132.5894799232483
13,13,10X_NCI_A_zumi_umap.csv,5385,9,133.73112273216248
14,14,10X_NCI_B_cellranger2.0_umap.csv,2585,7,68.96563839912415
15,15,10X_NCI_B_cellranger3.1_umap.csv,3059,7,76.50405240058899
16,16,10X_NCI_B_umitools_umap.csv,2630,7,69.12723708152771
17,17,10X_NCI_B_zumi_umap.csv,2836,8,77.40645480155945
18,18,10X_NCI_M_A_cellranger2.0_umap.csv,5354,9,135.9860429763794
19,19,10X_NCI_M_A_cellranger3.1_umap.csv,6097,9,149.82021021842957
20,20,10X_NCI_M_A_umitools_umap.csv,5339,9,133.81258726119995
21,21,10X_NCI_M_A_zumi_umap.csv,5416,9,134.781183719635
22,22,10X_NCI_M_B_cellranger2.0_umap.csv,2589,7,70.0431182384491
23,23,10X_NCI_M_B_cellranger3.1_umap.csv,3046,8,83.05490899085999
24,24,10X_NCI_M_B_umitools_umap.csv,2628,7,70.7900812625885
25,25,10X_NCI_M_B_zumi_umap.csv,2805,8,78.510746717453
26,26,C1_FDA_HT_A_featureCounts_umap.csv,197,3,27.02115488052368
27,27,C1_FDA_HT_A_kallisto_umap.csv,195,3,26.78191328048706
28,28,C1_FDA_HT_A_rsem_umap.csv,197,3,26.434967041015625
29,29,C1_FDA_HT_B_featureCounts_umap.csv,231,4,27.481569528579712
30,30,C1_FDA_HT_B_kallisto_umap.csv,224,4,28.101189374923703
31,31,C1_FDA_HT_B_rsem_umap.csv,231,4,27.39043927192688
32,32,C1_LLU_A_featureCounts_umap.csv,70,3,26.35093927383423
33,33,C1_LLU_A_kallisto_umap.csv,72,3,26.804049730300903
34,34,C1_LLU_A_rsem_umap.csv,71,3,26.762423992156982
35,35,C1_LLU_B_featureCounts_umap.csv,59,3,26.122260808944706
36,36,C1_LLU_B_kallisto_umap.csv,60,3,26.521469831466675
37,37,C1_LLU_B_rsem_umap.csv,60,3,27.032094955444336
38,38,ICELL8_PE_A_featureCounts_umap.csv,568,5,32.58723974227905
39,39,ICELL8_PE_A_kallisto_umap.csv,570,5,32.839986085891724
40,40,ICELL8_PE_A_rsem_umap.csv,563,5,32.65717029571533
41,41,ICELL8_PE_B_featureCounts_umap.csv,547,4,30.69048023223877
42,42,ICELL8_PE_B_kallisto_umap.csv,551,5,32.39691710472107
43,43,ICELL8_PE_B_rsem_umap.csv,548,4,31.28741765022278
44,44,ICELL8_SE_A_featureCounts_umap.csv,570,4,31.8980405330658
45,45,ICELL8_SE_A_rsem_umap.csv,569,5,32.38209295272827
46,46,ICELL8_SE_B_featureCounts_umap.csv,550,4,31.344177961349487
47,47,ICELL8_SE_B_rsem_umap.csv,549,5,32.1620614528656
0,0,ICELL8_SE_A_kallisto_umap.csv,571,4,31.05279922485352
1,1,ICELL8_SE_B_kallisto_umap.csv,553,5,31.72374033927917
2,2,10X_LLU_A_cellranger2.0_umap.csv,2505,7,66.43871235847473
3,3,10X_LLU_A_cellranger3.1_umap.csv,2825,7,71.74614810943604
4,4,10X_LLU_A_umitools_umap.csv,2476,7,65.73163795471191
5,5,10X_LLU_A_zumi_umap.csv,2825,7,71.63062620162964
6,6,10X_LLU_B_cellranger2.0_umap.csv,1211,6,43.059693813323975
7,7,10X_LLU_B_cellranger3.1_umap.csv,1327,5,43.29629731178284
8,8,10X_LLU_B_umitools_umap.csv,1184,5,40.094489097595215
9,9,10X_LLU_B_zumi_umap.csv,1207,6,43.04486274719238
10,10,10X_NCI_A_cellranger2.0_umap.csv,5355,8,121.50932884216309
11,11,10X_NCI_A_cellranger3.1_umap.csv,6050,10,157.54020380973816
12,12,10X_NCI_A_umitools_umap.csv,5344,9,130.85291242599487
13,13,10X_NCI_A_zumi_umap.csv,5385,8,123.5904734134674
14,14,10X_NCI_B_cellranger2.0_umap.csv,2585,7,68.08542585372925
15,15,10X_NCI_B_cellranger3.1_umap.csv,3059,8,80.07148051261902
16,16,10X_NCI_B_umitools_umap.csv,2630,7,69.4181911945343
17,17,10X_NCI_B_zumi_umap.csv,2836,7,72.74616193771362
18,18,10X_NCI_M_A_cellranger2.0_umap.csv,5354,8,122.82457637786864
19,19,10X_NCI_M_A_cellranger3.1_umap.csv,6097,9,146.64635562896729
20,20,10X_NCI_M_A_umitools_umap.csv,5339,8,121.30793595314026
21,21,10X_NCI_M_A_zumi_umap.csv,5416,9,134.7428891658783
22,22,10X_NCI_M_B_cellranger2.0_umap.csv,2589,7,68.52385377883911
23,23,10X_NCI_M_B_cellranger3.1_umap.csv,3046,8,80.71967792510986
24,24,10X_NCI_M_B_umitools_umap.csv,2628,7,68.59436678886414
25,25,10X_NCI_M_B_zumi_umap.csv,2805,7,72.05641770362854
26,26,C1_FDA_HT_A_featureCounts_umap.csv,197,3,26.498631238937374
27,27,C1_FDA_HT_A_kallisto_umap.csv,195,3,26.01314783096313
28,28,C1_FDA_HT_A_rsem_umap.csv,197,3,26.951011657714844
29,29,C1_FDA_HT_B_featureCounts_umap.csv,231,3,26.842171669006348
30,30,C1_FDA_HT_B_kallisto_umap.csv,224,3,26.59645366668701
31,31,C1_FDA_HT_B_rsem_umap.csv,231,3,26.518383741378784
32,32,C1_LLU_A_featureCounts_umap.csv,70,3,25.5233952999115
33,33,C1_LLU_A_kallisto_umap.csv,72,3,25.774698734283447
34,34,C1_LLU_A_rsem_umap.csv,71,3,26.075939655303955
35,35,C1_LLU_B_featureCounts_umap.csv,59,3,26.088096618652344
36,36,C1_LLU_B_kallisto_umap.csv,60,3,26.943151712417603
37,37,C1_LLU_B_rsem_umap.csv,60,3,26.809393167495728
38,38,ICELL8_PE_A_featureCounts_umap.csv,568,4,30.64470314979553
39,39,ICELL8_PE_A_kallisto_umap.csv,570,4,31.171244859695435
40,40,ICELL8_PE_A_rsem_umap.csv,563,4,30.55796813964844
41,41,ICELL8_PE_B_featureCounts_umap.csv,547,4,30.56416964530945
42,42,ICELL8_PE_B_kallisto_umap.csv,551,4,31.13695478439331
43,43,ICELL8_PE_B_rsem_umap.csv,548,4,30.945685863494877
44,44,ICELL8_SE_A_featureCounts_umap.csv,570,4,31.383208751678467
45,45,ICELL8_SE_A_rsem_umap.csv,569,4,30.833190202713013
46,46,ICELL8_SE_B_featureCounts_umap.csv,550,4,30.669310569763184
47,47,ICELL8_SE_B_rsem_umap.csv,549,4,30.88467621803284
0,0,ICELL8_SE_A_kallisto_umap.csv,571,4,30.89789080619812
1,1,ICELL8_SE_B_kallisto_umap.csv,553,5,32.101481437683105
2,2,10X_LLU_A_cellranger2.0_umap.csv,2505,7,65.36012434959412
3,3,10X_LLU_A_cellranger3.1_umap.csv,2825,7,71.75468683242798
4,4,10X_LLU_A_umitools_umap.csv,2476,8,69.19132375717163
5,5,10X_LLU_A_zumi_umap.csv,2825,7,70.74396133422852
6,6,10X_LLU_B_cellranger2.0_umap.csv,1211,6,42.42853498458862
7,7,10X_LLU_B_cellranger3.1_umap.csv,1327,6,44.43907594680786
8,8,10X_LLU_B_umitools_umap.csv,1184,6,42.513487577438354
9,9,10X_LLU_B_zumi_umap.csv,1207,6,43.857985496521
10,10,10X_NCI_A_cellranger2.0_umap.csv,5355,9,129.47249102592468
11,11,10X_NCI_A_cellranger3.1_umap.csv,6050,10,152.6379165649414
12,12,10X_NCI_A_umitools_umap.csv,5344,9,129.2148883342743
13,13,10X_NCI_A_zumi_umap.csv,5385,9,131.5720317363739
14,14,10X_NCI_B_cellranger2.0_umap.csv,2585,7,68.31889772415161
15,15,10X_NCI_B_cellranger3.1_umap.csv,3059,8,80.63160705566406
16,16,10X_NCI_B_umitools_umap.csv,2630,7,68.64516496658325
17,17,10X_NCI_B_zumi_umap.csv,2836,7,70.11314272880554
18,18,10X_NCI_M_A_cellranger2.0_umap.csv,5354,9,129.26213836669922
19,19,10X_NCI_M_A_cellranger3.1_umap.csv,6097,9,142.36262440681458
20,20,10X_NCI_M_A_umitools_umap.csv,5339,9,131.15711951255798
21,21,10X_NCI_M_A_zumi_umap.csv,5416,9,131.73771595954895
22,22,10X_NCI_M_B_cellranger2.0_umap.csv,2589,8,73.04975724220276
23,23,10X_NCI_M_B_cellranger3.1_umap.csv,3046,8,80.45760345458984
24,24,10X_NCI_M_B_umitools_umap.csv,2628,7,69.50849914550781
25,25,10X_NCI_M_B_zumi_umap.csv,2805,8,74.93995475769043
26,26,C1_FDA_HT_A_featureCounts_umap.csv,197,3,26.148863315582275
27,27,C1_FDA_HT_A_kallisto_umap.csv,195,3,25.9824116230011
28,28,C1_FDA_HT_A_rsem_umap.csv,197,3,25.98728060722351
29,29,C1_FDA_HT_B_featureCounts_umap.csv,231,4,27.30897068977356
30,30,C1_FDA_HT_B_kallisto_umap.csv,224,4,26.286863565444943
31,31,C1_FDA_HT_B_rsem_umap.csv,231,4,26.56943774223328
32,32,C1_LLU_A_featureCounts_umap.csv,70,3,25.43882918357849
33,33,C1_LLU_A_kallisto_umap.csv,72,3,26.6572904586792
34,34,C1_LLU_A_rsem_umap.csv,71,3,25.87192797660828
35,35,C1_LLU_B_featureCounts_umap.csv,59,3,26.303985118865967
36,36,C1_LLU_B_kallisto_umap.csv,60,3,26.471405506134037
37,37,C1_LLU_B_rsem_umap.csv,60,3,26.377628564834595
38,38,ICELL8_PE_A_featureCounts_umap.csv,568,5,31.06358885765076
39,39,ICELL8_PE_A_kallisto_umap.csv,570,5,31.679749488830566
40,40,ICELL8_PE_A_rsem_umap.csv,563,5,31.605258226394653
41,41,ICELL8_PE_B_featureCounts_umap.csv,547,4,30.31291913986206
42,42,ICELL8_PE_B_kallisto_umap.csv,551,4,30.156564950942997
43,43,ICELL8_PE_B_rsem_umap.csv,548,5,31.95936155319214
44,44,ICELL8_SE_A_featureCounts_umap.csv,570,4,30.74249053001404
45,45,ICELL8_SE_A_rsem_umap.csv,569,5,32.16006278991699
46,46,ICELL8_SE_B_featureCounts_umap.csv,550,4,29.896201372146606
47,47,ICELL8_SE_B_rsem_umap.csv,549,5,32.09360146522522
0,0,ICELL8_SE_A_kallisto_umap.csv,571,4,30.102022409439087
1,1,ICELL8_SE_B_kallisto_umap.csv,553,5,30.951839685440063
2,2,10X_LLU_A_cellranger2.0_umap.csv,2505,7,63.65925860404968
3,3,10X_LLU_A_cellranger3.1_umap.csv,2825,7,67.84663033485413
4,4,10X_LLU_A_umitools_umap.csv,2476,7,63.126309871673584
5,5,10X_LLU_A_zumi_umap.csv,2825,7,68.69907069206238
6,6,10X_LLU_B_cellranger2.0_umap.csv,1211,6,42.37871432304382
7,7,10X_LLU_B_cellranger3.1_umap.csv,1327,6,43.192955493927
8,8,10X_LLU_B_umitools_umap.csv,1184,6,41.61763978004456
9,9,10X_LLU_B_zumi_umap.csv,1207,6,42.94842886924744
10,10,10X_NCI_A_cellranger2.0_umap.csv,5355,9,124.94483518600464
11,11,10X_NCI_A_cellranger3.1_umap.csv,6050,9,138.80778002738953
12,12,10X_NCI_A_umitools_umap.csv,5344,9,125.1561267375946
13,13,10X_NCI_A_zumi_umap.csv,5385,9,126.96346068382265
14,14,10X_NCI_B_cellranger2.0_umap.csv,2585,7,65.87072134017944
15,15,10X_NCI_B_cellranger3.1_umap.csv,3059,8,77.333322763443
16,16,10X_NCI_B_umitools_umap.csv,2630,7,67.48402881622314
17,17,10X_NCI_B_zumi_umap.csv,2836,7,69.03466320037842
18,18,10X_NCI_M_A_cellranger2.0_umap.csv,5354,8,116.40344524383544
19,19,10X_NCI_M_A_cellranger3.1_umap.csv,6097,10,153.91831946372986
20,20,10X_NCI_M_A_umitools_umap.csv,5339,9,126.10675644874571
21,21,10X_NCI_M_A_zumi_umap.csv,5416,9,126.53961753845216
22,22,10X_NCI_M_B_cellranger2.0_umap.csv,2589,7,64.77089715003967
23,23,10X_NCI_M_B_cellranger3.1_umap.csv,3046,8,77.27887845039368
24,24,10X_NCI_M_B_umitools_umap.csv,2628,7,66.23044991493225
25,25,10X_NCI_M_B_zumi_umap.csv,2805,8,73.19906401634216
26,26,C1_FDA_HT_A_featureCounts_umap.csv,197,3,25.697649478912357
27,27,C1_FDA_HT_A_kallisto_umap.csv,195,4,25.69081687927246
28,28,C1_FDA_HT_A_rsem_umap.csv,197,3,25.824509859085083
29,29,C1_FDA_HT_B_featureCounts_umap.csv,231,4,27.86564445495605
30,30,C1_FDA_HT_B_kallisto_umap.csv,224,4,26.45214581489563
31,31,C1_FDA_HT_B_rsem_umap.csv,231,4,26.28782200813293
32,32,C1_LLU_A_featureCounts_umap.csv,70,3,26.39093279838562
33,33,C1_LLU_A_kallisto_umap.csv,72,3,26.33006525039673
34,34,C1_LLU_A_rsem_umap.csv,71,3,25.36175227165222
35,35,C1_LLU_B_featureCounts_umap.csv,59,3,25.58811831474304
36,36,C1_LLU_B_kallisto_umap.csv,60,3,26.59358811378479
37,37,C1_LLU_B_rsem_umap.csv,60,3,26.135592222213745
38,38,ICELL8_PE_A_featureCounts_umap.csv,568,5,31.3845648765564
39,39,ICELL8_PE_A_kallisto_umap.csv,570,5,31.09171438217163
40,40,ICELL8_PE_A_rsem_umap.csv,563,5,31.58185195922852
41,41,ICELL8_PE_B_featureCounts_umap.csv,547,4,29.769991874694824
42,42,ICELL8_PE_B_kallisto_umap.csv,551,4,29.8161518573761
43,43,ICELL8_PE_B_rsem_umap.csv,548,5,31.52905917167664
44,44,ICELL8_SE_A_featureCounts_umap.csv,570,4,30.316818952560425
45,45,ICELL8_SE_A_rsem_umap.csv,569,5,31.114357948303223
46,46,ICELL8_SE_B_featureCounts_umap.csv,550,4,30.09062957763672
47,47,ICELL8_SE_B_rsem_umap.csv,549,5,31.45887541770935
0,0,ICELL8_SE_A_kallisto_umap.csv,571,5,32.06312561035156
1,1,ICELL8_SE_B_kallisto_umap.csv,553,5,31.82336688041687
2,2,10X_LLU_A_cellranger2.0_umap.csv,2505,7,64.64590001106262
3,3,10X_LLU_A_cellranger3.1_umap.csv,2825,7,69.29331302642822
4,4,10X_LLU_A_umitools_umap.csv,2476,8,68.49161052703857
5,5,10X_LLU_A_zumi_umap.csv,2825,8,74.81626391410828
6,6,10X_LLU_B_cellranger2.0_umap.csv,1211,6,42.332733392715454
7,7,10X_LLU_B_cellranger3.1_umap.csv,1327,6,43.47275996208191
8,8,10X_LLU_B_umitools_umap.csv,1184,6,41.891961097717285
9,9,10X_LLU_B_zumi_umap.csv,1207,6,42.5608537197113
10,10,10X_NCI_A_cellranger2.0_umap.csv,5355,9,127.66551113128662
11,11,10X_NCI_A_cellranger3.1_umap.csv,6050,10,152.4185085296631
12,12,10X_NCI_A_umitools_umap.csv,5344,9,127.58808636665344
13,13,10X_NCI_A_zumi_umap.csv,5385,10,137.6155927181244
14,14,10X_NCI_B_cellranger2.0_umap.csv,2585,7,64.93720817565918
15,15,10X_NCI_B_cellranger3.1_umap.csv,3059,8,77.78518629074097
16,16,10X_NCI_B_umitools_umap.csv,2630,8,70.63808298110962
17,17,10X_NCI_B_zumi_umap.csv,2836,7,68.94291830062866
18,18,10X_NCI_M_A_cellranger2.0_umap.csv,5354,9,127.72375726699828
19,19,10X_NCI_M_A_cellranger3.1_umap.csv,6097,9,142.84431743621826
20,20,10X_NCI_M_A_umitools_umap.csv,5339,10,137.7058298587799
21,21,10X_NCI_M_A_zumi_umap.csv,5416,9,128.5203833580017
22,22,10X_NCI_M_B_cellranger2.0_umap.csv,2589,7,68.11054921150208
23,23,10X_NCI_M_B_cellranger3.1_umap.csv,3046,8,77.60905718803406
24,24,10X_NCI_M_B_umitools_umap.csv,2628,7,66.28114056587219
25,25,10X_NCI_M_B_zumi_umap.csv,2805,8,74.28276634216309
26,26,C1_FDA_HT_A_featureCounts_umap.csv,197,3,26.68962001800537
27,27,C1_FDA_HT_A_kallisto_umap.csv,195,3,26.61583399772644
28,28,C1_FDA_HT_A_rsem_umap.csv,197,3,26.713696241378784
29,29,C1_FDA_HT_B_featureCounts_umap.csv,231,4,27.380202054977417
30,30,C1_FDA_HT_B_kallisto_umap.csv,224,4,27.82307457923889
31,31,C1_FDA_HT_B_rsem_umap.csv,231,4,27.84837365150452
32,32,C1_LLU_A_featureCounts_umap.csv,70,3,26.432584285736084
33,33,C1_LLU_A_kallisto_umap.csv,72,3,27.359063863754272
34,34,C1_LLU_A_rsem_umap.csv,71,3,26.83433842658997
35,35,C1_LLU_B_featureCounts_umap.csv,59,3,26.596858263015747
36,36,C1_LLU_B_kallisto_umap.csv,60,3,26.13925075531006
37,37,C1_LLU_B_rsem_umap.csv,60,3,27.05869221687317
38,38,ICELL8_PE_A_featureCounts_umap.csv,568,5,32.46346974372864
39,39,ICELL8_PE_A_kallisto_umap.csv,570,5,31.662434816360477
40,40,ICELL8_PE_A_rsem_umap.csv,563,5,32.3552987575531
41,41,ICELL8_PE_B_featureCounts_umap.csv,547,4,31.19722318649292
42,42,ICELL8_PE_B_kallisto_umap.csv,551,5,32.019731283187866
43,43,ICELL8_PE_B_rsem_umap.csv,548,4,30.58928418159485
44,44,ICELL8_SE_A_featureCounts_umap.csv,570,4,30.702836990356445
45,45,ICELL8_SE_A_rsem_umap.csv,569,5,31.592851161956787
46,46,ICELL8_SE_B_featureCounts_umap.csv,550,5,32.06831908226013
47,47,ICELL8_SE_B_rsem_umap.csv,549,5,31.556783199310303
0,0,ICELL8_SE_A_kallisto_umap.csv,571,4,31.443540334701535
1,1,ICELL8_SE_B_kallisto_umap.csv,553,5,31.91093111038208
2,2,10X_LLU_A_cellranger2.0_umap.csv,2505,7,65.77411031723022
3,3,10X_LLU_A_cellranger3.1_umap.csv,2825,7,73.04915809631348
4,4,10X_LLU_A_umitools_umap.csv,2476,7,66.7054386138916
5,5,10X_LLU_A_zumi_umap.csv,2825,8,76.38763451576233
6,6,10X_LLU_B_cellranger2.0_umap.csv,1211,6,42.81358551979065
7,7,10X_LLU_B_cellranger3.1_umap.csv,1327,6,45.31982612609863
8,8,10X_LLU_B_umitools_umap.csv,1184,6,42.418132066726685
9,9,10X_LLU_B_zumi_umap.csv,1207,6,43.73746275901794
10,10,10X_NCI_A_cellranger2.0_umap.csv,5355,9,134.12908267974854
11,11,10X_NCI_A_cellranger3.1_umap.csv,6050,10,158.20445799827576
12,12,10X_NCI_A_umitools_umap.csv,5344,9,133.78600072860718
13,13,10X_NCI_A_zumi_umap.csv,5385,10,145.05204582214355
14,14,10X_NCI_B_cellranger2.0_umap.csv,2585,7,67.55667567253113
15,15,10X_NCI_B_cellranger3.1_umap.csv,3059,8,82.47303032875061
16,16,10X_NCI_B_umitools_umap.csv,2630,8,74.57175421714783
17,17,10X_NCI_B_zumi_umap.csv,2836,7,73.28318667411804
18,18,10X_NCI_M_A_cellranger2.0_umap.csv,5354,8,122.12154364585876
19,19,10X_NCI_M_A_cellranger3.1_umap.csv,6097,9,149.9574680328369
20,20,10X_NCI_M_A_umitools_umap.csv,5339,9,133.08326649665833
21,21,10X_NCI_M_A_zumi_umap.csv,5416,9,135.8269543647766
22,22,10X_NCI_M_B_cellranger2.0_umap.csv,2589,7,68.24822306632996
23,23,10X_NCI_M_B_cellranger3.1_umap.csv,3046,8,81.98131895065308
24,24,10X_NCI_M_B_umitools_umap.csv,2628,7,69.08832049369812
25,25,10X_NCI_M_B_zumi_umap.csv,2805,8,76.4795594215393
26,26,C1_FDA_HT_A_featureCounts_umap.csv,197,3,26.556939125061035
27,27,C1_FDA_HT_A_kallisto_umap.csv,195,3,26.693143129348755
28,28,C1_FDA_HT_A_rsem_umap.csv,197,3,26.498950481414795
29,29,C1_FDA_HT_B_featureCounts_umap.csv,231,4,27.6266725063324
30,30,C1_FDA_HT_B_kallisto_umap.csv,224,4,27.33250951766968
31,31,C1_FDA_HT_B_rsem_umap.csv,231,4,27.491140127182007
32,32,C1_LLU_A_featureCounts_umap.csv,70,3,26.74646019935608
33,33,C1_LLU_A_kallisto_umap.csv,72,3,26.654266357421875
34,34,C1_LLU_A_rsem_umap.csv,71,3,26.374048233032227
35,35,C1_LLU_B_featureCounts_umap.csv,59,3,26.73198866844177
36,36,C1_LLU_B_kallisto_umap.csv,60,3,26.076154947280884
37,37,C1_LLU_B_rsem_umap.csv,60,3,26.306848526000977
38,38,ICELL8_PE_A_featureCounts_umap.csv,568,5,32.1002459526062
39,39,ICELL8_PE_A_kallisto_umap.csv,570,5,31.749631881713867
40,40,ICELL8_PE_A_rsem_umap.csv,563,5,32.35724496841431
41,41,ICELL8_PE_B_featureCounts_umap.csv,547,4,30.89820909500122
42,42,ICELL8_PE_B_kallisto_umap.csv,551,4,29.78355884552002
43,43,ICELL8_PE_B_rsem_umap.csv,548,4,31.126219034194943
44,44,ICELL8_SE_A_featureCounts_umap.csv,570,4,30.948189973831177
45,45,ICELL8_SE_A_rsem_umap.csv,569,5,32.20985436439514
46,46,ICELL8_SE_B_featureCounts_umap.csv,550,4,30.40864849090576
47,47,ICELL8_SE_B_rsem_umap.csv,549,5,32.3266966342926
0,0,ICELL8_SE_A_kallisto_umap.csv,571,4,30.95547103881836
1,1,ICELL8_SE_B_kallisto_umap.csv,553,5,32.15495824813843
2,2,10X_LLU_A_cellranger2.0_umap.csv,2505,6,60.470194578170776
3,3,10X_LLU_A_cellranger3.1_umap.csv,2825,7,69.40004873275757
4,4,10X_LLU_A_umitools_umap.csv,2476,7,64.54774880409241
5,5,10X_LLU_A_zumi_umap.csv,2825,7,70.77351808547974
6,6,10X_LLU_B_cellranger2.0_umap.csv,1211,5,40.53189992904663
7,7,10X_LLU_B_cellranger3.1_umap.csv,1327,5,40.96514368057251
8,8,10X_LLU_B_umitools_umap.csv,1184,5,40.41845631599426
9,9,10X_LLU_B_zumi_umap.csv,1207,6,42.58597922325134
10,10,10X_NCI_A_cellranger2.0_umap.csv,5355,8,118.0098352432251
11,11,10X_NCI_A_cellranger3.1_umap.csv,6050,9,140.37750601768494
12,12,10X_NCI_A_umitools_umap.csv,5344,9,126.92629647254944
13,13,10X_NCI_A_zumi_umap.csv,5385,9,128.29571437835693
14,14,10X_NCI_B_cellranger2.0_umap.csv,2585,7,65.69523286819458
15,15,10X_NCI_B_cellranger3.1_umap.csv,3059,8,78.29162812232971
16,16,10X_NCI_B_umitools_umap.csv,2630,7,66.34864544868469
17,17,10X_NCI_B_zumi_umap.csv,2836,7,70.2425172328949
18,18,10X_NCI_M_A_cellranger2.0_umap.csv,5354,9,128.45585703849792
19,19,10X_NCI_M_A_cellranger3.1_umap.csv,6097,10,153.05133605003357
20,20,10X_NCI_M_A_umitools_umap.csv,5339,10,136.35319781303406
21,21,10X_NCI_M_A_zumi_umap.csv,5416,8,119.81509256362916
22,22,10X_NCI_M_B_cellranger2.0_umap.csv,2589,7,65.68190145492554
23,23,10X_NCI_M_B_cellranger3.1_umap.csv,3046,8,78.90407466888428
24,24,10X_NCI_M_B_umitools_umap.csv,2628,7,66.48319220542908
25,25,10X_NCI_M_B_zumi_umap.csv,2805,7,69.96305918693542
26,26,C1_FDA_HT_A_featureCounts_umap.csv,197,3,26.96065187454224
27,27,C1_FDA_HT_A_kallisto_umap.csv,195,3,26.301145315170288
28,28,C1_FDA_HT_A_rsem_umap.csv,197,3,26.759655714035038
29,29,C1_FDA_HT_B_featureCounts_umap.csv,231,3,26.76878046989441
30,30,C1_FDA_HT_B_kallisto_umap.csv,224,3,27.45579409599304
31,31,C1_FDA_HT_B_rsem_umap.csv,231,3,27.36523675918579
32,32,C1_LLU_A_featureCounts_umap.csv,70,3,27.331072330474854
33,33,C1_LLU_A_kallisto_umap.csv,72,3,26.403122186660767
34,34,C1_LLU_A_rsem_umap.csv,71,3,27.43127751350403
35,35,C1_LLU_B_featureCounts_umap.csv,59,3,27.21527910232544
36,36,C1_LLU_B_kallisto_umap.csv,60,3,27.322353839874268
37,37,C1_LLU_B_rsem_umap.csv,60,3,25.665929555892944
38,38,ICELL8_PE_A_featureCounts_umap.csv,568,4,30.86811828613281
39,39,ICELL8_PE_A_kallisto_umap.csv,570,4,30.586438179016117
40,40,ICELL8_PE_A_rsem_umap.csv,563,4,30.345646142959595
41,41,ICELL8_PE_B_featureCounts_umap.csv,547,4,31.352991104125977
42,42,ICELL8_PE_B_kallisto_umap.csv,551,4,31.18425726890564
43,43,ICELL8_PE_B_rsem_umap.csv,548,4,30.48676061630249
44,44,ICELL8_SE_A_featureCounts_umap.csv,570,4,30.491594076156616
45,45,ICELL8_SE_A_rsem_umap.csv,569,4,30.7915952205658
46,46,ICELL8_SE_B_featureCounts_umap.csv,550,4,30.61893844604492
47,47,ICELL8_SE_B_rsem_umap.csv,549,4,31.161039113998413
