,Unnamed: 0,Benchmark,Instance #,Cluster #,mo-time
0,0,ICELL8_SE_A_kallisto_umap.csv,571,4,56.06145715713501
1,1,ICELL8_SE_B_kallisto_umap.csv,553,5,55.422475814819336
2,2,10X_LLU_A_cellranger2.0_umap.csv,2505,6,90.27731442451476
3,3,10X_LLU_A_cellranger3.1_umap.csv,2825,7,100.8823699951172
4,4,10X_LLU_A_umitools_umap.csv,2476,7,92.1680624485016
5,5,10X_LLU_A_zumi_umap.csv,2825,7,100.25833582878111
6,6,10X_LLU_B_cellranger2.0_umap.csv,1211,5,67.29959893226624
7,7,10X_LLU_B_cellranger3.1_umap.csv,1327,5,71.63870096206665
8,8,10X_LLU_B_umitools_umap.csv,1184,5,67.7304277420044
9,9,10X_LLU_B_zumi_umap.csv,1207,5,66.16645622253418
10,10,10X_NCI_A_cellranger2.0_umap.csv,5355,8,157.08427166938782
11,11,10X_NCI_A_cellranger3.1_umap.csv,6050,10,196.06784224510196
12,12,10X_NCI_A_umitools_umap.csv,5344,9,172.03195667266846
13,13,10X_NCI_A_zumi_umap.csv,5385,9,172.18557572364807
14,14,10X_NCI_B_cellranger2.0_umap.csv,2585,7,96.15383577346802
15,15,10X_NCI_B_cellranger3.1_umap.csv,3059,7,106.42629027366638
16,16,10X_NCI_B_umitools_umap.csv,2630,7,100.85211300849916
17,17,10X_NCI_B_zumi_umap.csv,2836,7,101.7836742401123
18,18,10X_NCI_M_A_cellranger2.0_umap.csv,5354,8,156.73190641403198
19,19,10X_NCI_M_A_cellranger3.1_umap.csv,6097,8,176.52480626106262
20,20,10X_NCI_M_A_umitools_umap.csv,5339,8,159.4283893108368
21,21,10X_NCI_M_A_zumi_umap.csv,5416,8,156.9306869506836
22,22,10X_NCI_M_B_cellranger2.0_umap.csv,2589,7,95.19016814231873
23,23,10X_NCI_M_B_cellranger3.1_umap.csv,3046,7,105.21498489379884
24,24,10X_NCI_M_B_umitools_umap.csv,2628,6,92.30588364601137
25,25,10X_NCI_M_B_zumi_umap.csv,2805,7,99.960923910141
26,26,C1_FDA_HT_A_featureCounts_umap.csv,197,3,47.16513681411743
27,27,C1_FDA_HT_A_kallisto_umap.csv,195,3,51.78515672683716
28,28,C1_FDA_HT_A_rsem_umap.csv,197,3,51.182984828948975
29,29,C1_FDA_HT_B_featureCounts_umap.csv,231,3,51.79151749610901
30,30,C1_FDA_HT_B_kallisto_umap.csv,224,3,51.21711444854736
31,31,C1_FDA_HT_B_rsem_umap.csv,231,3,52.30134415626526
32,32,C1_LLU_A_featureCounts_umap.csv,70,3,52.86454510688782
33,33,C1_LLU_A_kallisto_umap.csv,72,3,50.86263871192932
34,34,C1_LLU_A_rsem_umap.csv,71,3,51.304911851882935
35,35,C1_LLU_B_featureCounts_umap.csv,59,3,48.73674511909485
36,36,C1_LLU_B_kallisto_umap.csv,60,3,51.5089635848999
37,37,C1_LLU_B_rsem_umap.csv,60,3,46.45643639564514
38,38,ICELL8_PE_A_featureCounts_umap.csv,568,4,55.99652314186096
39,39,ICELL8_PE_A_kallisto_umap.csv,570,4,54.18969440460205
40,40,ICELL8_PE_A_rsem_umap.csv,563,4,56.08062410354614
41,41,ICELL8_PE_B_featureCounts_umap.csv,547,4,55.03781843185425
42,42,ICELL8_PE_B_kallisto_umap.csv,551,4,55.41927933692932
43,43,ICELL8_PE_B_rsem_umap.csv,548,4,56.41927576065064
44,44,ICELL8_SE_A_featureCounts_umap.csv,570,4,55.84220814704895
45,45,ICELL8_SE_A_rsem_umap.csv,569,4,56.97975182533264
46,46,ICELL8_SE_B_featureCounts_umap.csv,550,4,56.90612483024597
47,47,ICELL8_SE_B_rsem_umap.csv,549,4,57.99982285499573
0,0,ICELL8_SE_A_kallisto_umap.csv,571,4,56.6515691280365
1,1,ICELL8_SE_B_kallisto_umap.csv,553,5,56.10314083099365
2,2,10X_LLU_A_cellranger2.0_umap.csv,2505,7,102.9123432636261
3,3,10X_LLU_A_cellranger3.1_umap.csv,2825,7,100.80395412445068
4,4,10X_LLU_A_umitools_umap.csv,2476,7,94.16013956069946
5,5,10X_LLU_A_zumi_umap.csv,2825,7,106.38139510154724
6,6,10X_LLU_B_cellranger2.0_umap.csv,1211,6,70.07855010032654
7,7,10X_LLU_B_cellranger3.1_umap.csv,1327,6,70.38094735145569
8,8,10X_LLU_B_umitools_umap.csv,1184,6,67.903400182724
9,9,10X_LLU_B_zumi_umap.csv,1207,6,69.03558850288391
10,10,10X_NCI_A_cellranger2.0_umap.csv,5355,9,168.99520444869995
11,11,10X_NCI_A_cellranger3.1_umap.csv,6050,10,200.18002653121948
12,12,10X_NCI_A_umitools_umap.csv,5344,10,175.80515003204346
13,13,10X_NCI_A_zumi_umap.csv,5385,9,171.67575979232788
14,14,10X_NCI_B_cellranger2.0_umap.csv,2585,7,99.83655762672424
15,15,10X_NCI_B_cellranger3.1_umap.csv,3059,8,112.24773359298706
16,16,10X_NCI_B_umitools_umap.csv,2630,7,98.95412087440492
17,17,10X_NCI_B_zumi_umap.csv,2836,7,103.0278708934784
18,18,10X_NCI_M_A_cellranger2.0_umap.csv,5354,9,172.3877034187317
19,19,10X_NCI_M_A_cellranger3.1_umap.csv,6097,10,199.4978396892548
20,20,10X_NCI_M_A_umitools_umap.csv,5339,9,167.9921009540558
21,21,10X_NCI_M_A_zumi_umap.csv,5416,9,175.88762521743774
22,22,10X_NCI_M_B_cellranger2.0_umap.csv,2589,7,97.9796872138977
23,23,10X_NCI_M_B_cellranger3.1_umap.csv,3046,9,116.23979377746582
24,24,10X_NCI_M_B_umitools_umap.csv,2628,7,99.9042956829071
25,25,10X_NCI_M_B_zumi_umap.csv,2805,8,110.04543495178224
26,26,C1_FDA_HT_A_featureCounts_umap.csv,197,3,47.06057810783386
27,27,C1_FDA_HT_A_kallisto_umap.csv,195,3,50.68335795402527
28,28,C1_FDA_HT_A_rsem_umap.csv,197,3,52.45126414299011
29,29,C1_FDA_HT_B_featureCounts_umap.csv,231,4,50.30757141113281
30,30,C1_FDA_HT_B_kallisto_umap.csv,224,4,51.57047629356384
31,31,C1_FDA_HT_B_rsem_umap.csv,231,4,52.7129864692688
32,32,C1_LLU_A_featureCounts_umap.csv,70,3,50.5350444316864
33,33,C1_LLU_A_kallisto_umap.csv,72,3,49.334391355514526
34,34,C1_LLU_A_rsem_umap.csv,71,3,52.22013974189758
35,35,C1_LLU_B_featureCounts_umap.csv,59,3,50.33405518531799
36,36,C1_LLU_B_kallisto_umap.csv,60,3,52.62079071998596
37,37,C1_LLU_B_rsem_umap.csv,60,3,47.60499024391174
38,38,ICELL8_PE_A_featureCounts_umap.csv,568,5,57.62756323814392
39,39,ICELL8_PE_A_kallisto_umap.csv,570,5,58.49638915061951
40,40,ICELL8_PE_A_rsem_umap.csv,563,5,56.25351643562317
41,41,ICELL8_PE_B_featureCounts_umap.csv,547,4,53.75579380989075
42,42,ICELL8_PE_B_kallisto_umap.csv,551,5,57.243213415145874
43,43,ICELL8_PE_B_rsem_umap.csv,548,5,57.21239447593689
44,44,ICELL8_SE_A_featureCounts_umap.csv,570,4,57.11108899116516
45,45,ICELL8_SE_A_rsem_umap.csv,569,5,57.49842381477356
46,46,ICELL8_SE_B_featureCounts_umap.csv,550,4,56.35196328163147
47,47,ICELL8_SE_B_rsem_umap.csv,549,5,55.93882083892822
0,0,ICELL8_SE_A_kallisto_umap.csv,571,4,57.94090104103088
1,1,ICELL8_SE_B_kallisto_umap.csv,553,5,57.15286636352539
2,2,10X_LLU_A_cellranger2.0_umap.csv,2505,7,94.61531496047974
3,3,10X_LLU_A_cellranger3.1_umap.csv,2825,7,98.37400341033936
4,4,10X_LLU_A_umitools_umap.csv,2476,7,94.21485781669617
5,5,10X_LLU_A_zumi_umap.csv,2825,7,101.30631637573242
6,6,10X_LLU_B_cellranger2.0_umap.csv,1211,5,67.004714012146
7,7,10X_LLU_B_cellranger3.1_umap.csv,1327,5,69.27238965034485
8,8,10X_LLU_B_umitools_umap.csv,1184,5,66.00425720214844
9,9,10X_LLU_B_zumi_umap.csv,1207,5,68.54928183555603
10,10,10X_NCI_A_cellranger2.0_umap.csv,5355,9,167.70486497879028
11,11,10X_NCI_A_cellranger3.1_umap.csv,6050,10,198.114009141922
12,12,10X_NCI_A_umitools_umap.csv,5344,8,158.36625289916992
13,13,10X_NCI_A_zumi_umap.csv,5385,9,169.35494565963745
14,14,10X_NCI_B_cellranger2.0_umap.csv,2585,7,96.29302620887756
15,15,10X_NCI_B_cellranger3.1_umap.csv,3059,8,111.02258777618408
16,16,10X_NCI_B_umitools_umap.csv,2630,8,104.14463019371031
17,17,10X_NCI_B_zumi_umap.csv,2836,7,101.4356119632721
18,18,10X_NCI_M_A_cellranger2.0_umap.csv,5354,8,158.33740067481995
19,19,10X_NCI_M_A_cellranger3.1_umap.csv,6097,9,189.00011777877808
20,20,10X_NCI_M_A_umitools_umap.csv,5339,9,171.44967484474182
21,21,10X_NCI_M_A_zumi_umap.csv,5416,9,170.3448748588562
22,22,10X_NCI_M_B_cellranger2.0_umap.csv,2589,7,95.20603013038637
23,23,10X_NCI_M_B_cellranger3.1_umap.csv,3046,8,108.34782004356384
24,24,10X_NCI_M_B_umitools_umap.csv,2628,7,96.77940392494202
25,25,10X_NCI_M_B_zumi_umap.csv,2805,7,102.20404028892516
26,26,C1_FDA_HT_A_featureCounts_umap.csv,197,3,51.52669143676758
27,27,C1_FDA_HT_A_kallisto_umap.csv,195,3,53.398133277893066
28,28,C1_FDA_HT_A_rsem_umap.csv,197,3,53.74380874633789
29,29,C1_FDA_HT_B_featureCounts_umap.csv,231,3,50.44653415679932
30,30,C1_FDA_HT_B_kallisto_umap.csv,224,3,53.28152918815613
31,31,C1_FDA_HT_B_rsem_umap.csv,231,3,54.313374280929565
32,32,C1_LLU_A_featureCounts_umap.csv,70,3,53.71527171134949
33,33,C1_LLU_A_kallisto_umap.csv,72,3,53.19345808029175
34,34,C1_LLU_A_rsem_umap.csv,71,3,54.154032945632935
35,35,C1_LLU_B_featureCounts_umap.csv,59,3,54.07670307159424
36,36,C1_LLU_B_kallisto_umap.csv,60,3,56.10762429237366
37,37,C1_LLU_B_rsem_umap.csv,60,3,49.31955695152283
38,38,ICELL8_PE_A_featureCounts_umap.csv,568,4,57.07932138442993
39,39,ICELL8_PE_A_kallisto_umap.csv,570,4,56.44061303138733
40,40,ICELL8_PE_A_rsem_umap.csv,563,4,57.12886619567871
41,41,ICELL8_PE_B_featureCounts_umap.csv,547,4,57.348835706710815
42,42,ICELL8_PE_B_kallisto_umap.csv,551,4,56.94925165176392
43,43,ICELL8_PE_B_rsem_umap.csv,548,4,59.06150484085083
44,44,ICELL8_SE_A_featureCounts_umap.csv,570,4,57.05800104141235
45,45,ICELL8_SE_A_rsem_umap.csv,569,4,57.51755619049072
46,46,ICELL8_SE_B_featureCounts_umap.csv,550,4,57.12820839881897
47,47,ICELL8_SE_B_rsem_umap.csv,549,4,57.91299271583557
0,0,ICELL8_SE_A_kallisto_umap.csv,571,4,57.811192989349365
1,1,ICELL8_SE_B_kallisto_umap.csv,553,5,56.78965473175049
2,2,10X_LLU_A_cellranger2.0_umap.csv,2505,7,95.37643551826476
3,3,10X_LLU_A_cellranger3.1_umap.csv,2825,7,100.9765124320984
4,4,10X_LLU_A_umitools_umap.csv,2476,7,95.05935192108154
5,5,10X_LLU_A_zumi_umap.csv,2825,8,108.39113640785216
6,6,10X_LLU_B_cellranger2.0_umap.csv,1211,6,70.12690210342407
7,7,10X_LLU_B_cellranger3.1_umap.csv,1327,6,74.631183385849
8,8,10X_LLU_B_umitools_umap.csv,1184,6,68.70114278793335
9,9,10X_LLU_B_zumi_umap.csv,1207,6,68.50545883178711
10,10,10X_NCI_A_cellranger2.0_umap.csv,5355,9,174.80945539474487
11,11,10X_NCI_A_cellranger3.1_umap.csv,6050,10,202.17840433120728
12,12,10X_NCI_A_umitools_umap.csv,5344,9,173.21961903572085
13,13,10X_NCI_A_zumi_umap.csv,5385,9,174.78212928771973
14,14,10X_NCI_B_cellranger2.0_umap.csv,2585,7,99.0753173828125
15,15,10X_NCI_B_cellranger3.1_umap.csv,3059,8,112.57720518112184
16,16,10X_NCI_B_umitools_umap.csv,2630,7,98.32346868515016
17,17,10X_NCI_B_zumi_umap.csv,2836,8,107.45468616485596
18,18,10X_NCI_M_A_cellranger2.0_umap.csv,5354,8,166.47524976730347
19,19,10X_NCI_M_A_cellranger3.1_umap.csv,6097,9,192.1461493968964
20,20,10X_NCI_M_A_umitools_umap.csv,5339,9,171.15949296951294
21,21,10X_NCI_M_A_zumi_umap.csv,5416,9,177.81665205955505
22,22,10X_NCI_M_B_cellranger2.0_umap.csv,2589,7,99.36506056785583
23,23,10X_NCI_M_B_cellranger3.1_umap.csv,3046,8,113.26602983474731
24,24,10X_NCI_M_B_umitools_umap.csv,2628,7,101.00252842903136
25,25,10X_NCI_M_B_zumi_umap.csv,2805,7,102.20430183410645
26,26,C1_FDA_HT_A_featureCounts_umap.csv,197,3,51.203404903411865
27,27,C1_FDA_HT_A_kallisto_umap.csv,195,3,52.029242515563965
28,28,C1_FDA_HT_A_rsem_umap.csv,197,3,50.41246938705444
29,29,C1_FDA_HT_B_featureCounts_umap.csv,231,4,52.94564056396485
30,30,C1_FDA_HT_B_kallisto_umap.csv,224,4,52.43899750709534
31,31,C1_FDA_HT_B_rsem_umap.csv,231,4,50.64602589607239
32,32,C1_LLU_A_featureCounts_umap.csv,70,3,53.79064917564392
33,33,C1_LLU_A_kallisto_umap.csv,72,3,52.80128717422485
34,34,C1_LLU_A_rsem_umap.csv,71,3,52.918153047561646
35,35,C1_LLU_B_featureCounts_umap.csv,59,3,50.97019696235657
36,36,C1_LLU_B_kallisto_umap.csv,60,3,52.85224151611328
37,37,C1_LLU_B_rsem_umap.csv,60,3,49.10311722755432
38,38,ICELL8_PE_A_featureCounts_umap.csv,568,5,57.82656788825989
39,39,ICELL8_PE_A_kallisto_umap.csv,570,5,56.39145660400391
40,40,ICELL8_PE_A_rsem_umap.csv,563,5,57.99728202819824
41,41,ICELL8_PE_B_featureCounts_umap.csv,547,4,57.70048403739929
42,42,ICELL8_PE_B_kallisto_umap.csv,551,4,58.01604652404785
43,43,ICELL8_PE_B_rsem_umap.csv,548,4,57.59779191017151
44,44,ICELL8_SE_A_featureCounts_umap.csv,570,4,56.30772995948792
45,45,ICELL8_SE_A_rsem_umap.csv,569,5,56.421430826187134
46,46,ICELL8_SE_B_featureCounts_umap.csv,550,4,57.368937253952026
47,47,ICELL8_SE_B_rsem_umap.csv,549,5,58.03240489959717
0,0,ICELL8_SE_A_kallisto_umap.csv,571,4,55.62544584274292
1,1,ICELL8_SE_B_kallisto_umap.csv,553,5,57.30583095550537
2,2,10X_LLU_A_cellranger2.0_umap.csv,2505,7,96.14328217506409
3,3,10X_LLU_A_cellranger3.1_umap.csv,2825,7,102.90944361686708
4,4,10X_LLU_A_umitools_umap.csv,2476,7,93.93679118156432
5,5,10X_LLU_A_zumi_umap.csv,2825,8,109.309068441391
6,6,10X_LLU_B_cellranger2.0_umap.csv,1211,6,68.75799489021301
7,7,10X_LLU_B_cellranger3.1_umap.csv,1327,5,71.02090692520142
8,8,10X_LLU_B_umitools_umap.csv,1184,5,66.38179087638855
9,9,10X_LLU_B_zumi_umap.csv,1207,6,69.95143914222717
10,10,10X_NCI_A_cellranger2.0_umap.csv,5355,9,174.03474974632263
11,11,10X_NCI_A_cellranger3.1_umap.csv,6050,10,204.6964876651764
12,12,10X_NCI_A_umitools_umap.csv,5344,8,158.92734003067017
13,13,10X_NCI_A_zumi_umap.csv,5385,9,178.28522896766663
14,14,10X_NCI_B_cellranger2.0_umap.csv,2585,7,95.34888410568236
15,15,10X_NCI_B_cellranger3.1_umap.csv,3059,8,112.65531587600708
16,16,10X_NCI_B_umitools_umap.csv,2630,7,100.05427241325378
17,17,10X_NCI_B_zumi_umap.csv,2836,7,105.100426197052
18,18,10X_NCI_M_A_cellranger2.0_umap.csv,5354,9,174.25129294395447
19,19,10X_NCI_M_A_cellranger3.1_umap.csv,6097,9,190.86945247650144
20,20,10X_NCI_M_A_umitools_umap.csv,5339,9,176.62292051315308
21,21,10X_NCI_M_A_zumi_umap.csv,5416,9,178.6181139945984
22,22,10X_NCI_M_B_cellranger2.0_umap.csv,2589,7,101.84495115280151
23,23,10X_NCI_M_B_cellranger3.1_umap.csv,3046,8,112.46606254577635
24,24,10X_NCI_M_B_umitools_umap.csv,2628,7,100.00810837745668
25,25,10X_NCI_M_B_zumi_umap.csv,2805,7,105.42480993270874
26,26,C1_FDA_HT_A_featureCounts_umap.csv,197,3,48.00300407409668
27,27,C1_FDA_HT_A_kallisto_umap.csv,195,3,52.666162729263306
28,28,C1_FDA_HT_A_rsem_umap.csv,197,3,53.04604625701904
29,29,C1_FDA_HT_B_featureCounts_umap.csv,231,3,50.40444946289063
30,30,C1_FDA_HT_B_kallisto_umap.csv,224,3,53.16351199150085
31,31,C1_FDA_HT_B_rsem_umap.csv,231,3,53.127569913864136
32,32,C1_LLU_A_featureCounts_umap.csv,70,3,49.35871982574463
33,33,C1_LLU_A_kallisto_umap.csv,72,3,51.02038311958313
34,34,C1_LLU_A_rsem_umap.csv,71,3,52.49380612373352
35,35,C1_LLU_B_featureCounts_umap.csv,59,3,49.55771565437317
36,36,C1_LLU_B_kallisto_umap.csv,60,3,52.5252959728241
37,37,C1_LLU_B_rsem_umap.csv,60,3,48.60027933120728
38,38,ICELL8_PE_A_featureCounts_umap.csv,568,4,58.708420515060425
39,39,ICELL8_PE_A_kallisto_umap.csv,570,4,57.759865283966064
40,40,ICELL8_PE_A_rsem_umap.csv,563,4,58.26443886756897
41,41,ICELL8_PE_B_featureCounts_umap.csv,547,4,57.28108596801758
42,42,ICELL8_PE_B_kallisto_umap.csv,551,4,57.43144416809082
43,43,ICELL8_PE_B_rsem_umap.csv,548,4,54.86932516098023
44,44,ICELL8_SE_A_featureCounts_umap.csv,570,4,57.38637280464173
45,45,ICELL8_SE_A_rsem_umap.csv,569,4,57.88987064361572
46,46,ICELL8_SE_B_featureCounts_umap.csv,550,4,56.5597939491272
47,47,ICELL8_SE_B_rsem_umap.csv,549,5,56.18239831924439
0,0,ICELL8_SE_A_kallisto_umap.csv,571,4,57.367891788482666
1,1,ICELL8_SE_B_kallisto_umap.csv,553,5,58.051681995391846
2,2,10X_LLU_A_cellranger2.0_umap.csv,2505,7,96.89088416099548
3,3,10X_LLU_A_cellranger3.1_umap.csv,2825,7,104.20451641082764
4,4,10X_LLU_A_umitools_umap.csv,2476,7,95.01570105552672
5,5,10X_LLU_A_zumi_umap.csv,2825,7,107.25795269012453
6,6,10X_LLU_B_cellranger2.0_umap.csv,1211,6,71.11536931991577
7,7,10X_LLU_B_cellranger3.1_umap.csv,1327,6,71.43435573577881
8,8,10X_LLU_B_umitools_umap.csv,1184,6,68.59990286827087
9,9,10X_LLU_B_zumi_umap.csv,1207,6,69.64183235168457
10,10,10X_NCI_A_cellranger2.0_umap.csv,5355,8,162.56762671470642
11,11,10X_NCI_A_cellranger3.1_umap.csv,6050,9,191.1256184577942
12,12,10X_NCI_A_umitools_umap.csv,5344,9,173.12395071983337
13,13,10X_NCI_A_zumi_umap.csv,5385,9,173.5122263431549
14,14,10X_NCI_B_cellranger2.0_umap.csv,2585,7,97.51190781593324
15,15,10X_NCI_B_cellranger3.1_umap.csv,3059,8,115.55477833747864
16,16,10X_NCI_B_umitools_umap.csv,2630,8,104.84567379951476
17,17,10X_NCI_B_zumi_umap.csv,2836,7,105.0905828475952
18,18,10X_NCI_M_A_cellranger2.0_umap.csv,5354,9,174.9230353832245
19,19,10X_NCI_M_A_cellranger3.1_umap.csv,6097,10,200.2225158214569
20,20,10X_NCI_M_A_umitools_umap.csv,5339,9,172.95972442626953
21,21,10X_NCI_M_A_zumi_umap.csv,5416,9,176.67804050445557
22,22,10X_NCI_M_B_cellranger2.0_umap.csv,2589,7,98.02203226089478
23,23,10X_NCI_M_B_cellranger3.1_umap.csv,3046,8,113.76504921913148
24,24,10X_NCI_M_B_umitools_umap.csv,2628,7,99.5023477077484
25,25,10X_NCI_M_B_zumi_umap.csv,2805,8,110.02044820785522
26,26,C1_FDA_HT_A_featureCounts_umap.csv,197,3,51.01312613487244
27,27,C1_FDA_HT_A_kallisto_umap.csv,195,3,53.50714373588562
28,28,C1_FDA_HT_A_rsem_umap.csv,197,3,53.64924597740173
29,29,C1_FDA_HT_B_featureCounts_umap.csv,231,4,52.61563491821289
30,30,C1_FDA_HT_B_kallisto_umap.csv,224,4,53.63520169258118
31,31,C1_FDA_HT_B_rsem_umap.csv,231,4,54.03771209716797
32,32,C1_LLU_A_featureCounts_umap.csv,70,3,49.705912590026855
33,33,C1_LLU_A_kallisto_umap.csv,72,3,48.81564140319824
34,34,C1_LLU_A_rsem_umap.csv,71,3,51.78140544891357
35,35,C1_LLU_B_featureCounts_umap.csv,59,3,50.7537784576416
36,36,C1_LLU_B_kallisto_umap.csv,60,3,55.078174114227295
37,37,C1_LLU_B_rsem_umap.csv,60,3,49.29717397689819
38,38,ICELL8_PE_A_featureCounts_umap.csv,568,5,57.434485912323
39,39,ICELL8_PE_A_kallisto_umap.csv,570,5,58.86639666557312
40,40,ICELL8_PE_A_rsem_umap.csv,563,5,57.2821626663208
41,41,ICELL8_PE_B_featureCounts_umap.csv,547,4,58.45864295959473
42,42,ICELL8_PE_B_kallisto_umap.csv,551,5,59.82679677009583
43,43,ICELL8_PE_B_rsem_umap.csv,548,5,54.58713960647583
44,44,ICELL8_SE_A_featureCounts_umap.csv,570,4,56.17798066139221
45,45,ICELL8_SE_A_rsem_umap.csv,569,5,57.86299252510071
46,46,ICELL8_SE_B_featureCounts_umap.csv,550,4,56.737531423568726
47,47,ICELL8_SE_B_rsem_umap.csv,549,5,58.25002551078797
0,0,ICELL8_SE_A_kallisto_umap.csv,571,4,58.65256643295288
1,1,ICELL8_SE_B_kallisto_umap.csv,553,5,59.79697513580322
2,2,10X_LLU_A_cellranger2.0_umap.csv,2505,7,105.40752577781676
3,3,10X_LLU_A_cellranger3.1_umap.csv,2825,8,118.11190724372864
4,4,10X_LLU_A_umitools_umap.csv,2476,8,108.20534634590148
5,5,10X_LLU_A_zumi_umap.csv,2825,7,115.11640214920044
6,6,10X_LLU_B_cellranger2.0_umap.csv,1211,6,74.86824798583984
7,7,10X_LLU_B_cellranger3.1_umap.csv,1327,6,78.19446110725403
8,8,10X_LLU_B_umitools_umap.csv,1184,6,75.19259524345398
9,9,10X_LLU_B_zumi_umap.csv,1207,6,73.0773811340332
10,10,10X_NCI_A_cellranger2.0_umap.csv,5355,8,180.30712604522705
11,11,10X_NCI_A_cellranger3.1_umap.csv,6050,9,220.79670238494876
12,12,10X_NCI_A_umitools_umap.csv,5344,9,198.98583149909973
13,13,10X_NCI_A_zumi_umap.csv,5385,9,200.7328646183014
14,14,10X_NCI_B_cellranger2.0_umap.csv,2585,7,106.0663604736328
15,15,10X_NCI_B_cellranger3.1_umap.csv,3059,8,124.45870995521544
16,16,10X_NCI_B_umitools_umap.csv,2630,8,115.9792709350586
17,17,10X_NCI_B_zumi_umap.csv,2836,7,113.85578775405884
18,18,10X_NCI_M_A_cellranger2.0_umap.csv,5354,9,195.87911128997803
19,19,10X_NCI_M_A_cellranger3.1_umap.csv,6097,9,217.0990917682648
20,20,10X_NCI_M_A_umitools_umap.csv,5339,10,207.16546511650083
21,21,10X_NCI_M_A_zumi_umap.csv,5416,9,198.53444862365723
22,22,10X_NCI_M_B_cellranger2.0_umap.csv,2589,7,110.03345108032228
23,23,10X_NCI_M_B_cellranger3.1_umap.csv,3046,8,122.24452304840088
24,24,10X_NCI_M_B_umitools_umap.csv,2628,7,108.47782850265504
25,25,10X_NCI_M_B_zumi_umap.csv,2805,8,117.25105261802672
26,26,C1_FDA_HT_A_featureCounts_umap.csv,197,3,50.08507966995239
27,27,C1_FDA_HT_A_kallisto_umap.csv,195,3,54.27733659744263
28,28,C1_FDA_HT_A_rsem_umap.csv,197,3,52.43980431556702
29,29,C1_FDA_HT_B_featureCounts_umap.csv,231,4,52.51433730125427
30,30,C1_FDA_HT_B_kallisto_umap.csv,224,4,54.283732414245605
31,31,C1_FDA_HT_B_rsem_umap.csv,231,4,54.199236154556274
32,32,C1_LLU_A_featureCounts_umap.csv,70,3,51.85217356681824
33,33,C1_LLU_A_kallisto_umap.csv,72,3,52.31837224960327
34,34,C1_LLU_A_rsem_umap.csv,71,3,51.61778497695923
35,35,C1_LLU_B_featureCounts_umap.csv,59,3,49.85292077064514
36,36,C1_LLU_B_kallisto_umap.csv,60,3,52.46778655052185
37,37,C1_LLU_B_rsem_umap.csv,60,3,47.94909977912903
38,38,ICELL8_PE_A_featureCounts_umap.csv,568,5,58.76121950149536
39,39,ICELL8_PE_A_kallisto_umap.csv,570,5,58.88568592071533
40,40,ICELL8_PE_A_rsem_umap.csv,563,5,58.42425608634949
41,41,ICELL8_PE_B_featureCounts_umap.csv,547,4,58.342090129852295
42,42,ICELL8_PE_B_kallisto_umap.csv,551,4,59.207563161849976
43,43,ICELL8_PE_B_rsem_umap.csv,548,5,59.401692390441895
44,44,ICELL8_SE_A_featureCounts_umap.csv,570,4,57.80742049217224
45,45,ICELL8_SE_A_rsem_umap.csv,569,5,59.317702770233154
46,46,ICELL8_SE_B_featureCounts_umap.csv,550,4,59.616132736206055
47,47,ICELL8_SE_B_rsem_umap.csv,549,5,59.7357029914856
0,0,ICELL8_SE_A_kallisto_umap.csv,571,4,59.81774139404297
1,1,ICELL8_SE_B_kallisto_umap.csv,553,5,59.897473096847534
2,2,10X_LLU_A_cellranger2.0_umap.csv,2505,7,105.39567255973816
3,3,10X_LLU_A_cellranger3.1_umap.csv,2825,7,113.20770359039308
4,4,10X_LLU_A_umitools_umap.csv,2476,7,104.32008337974548
5,5,10X_LLU_A_zumi_umap.csv,2825,7,118.243714094162
6,6,10X_LLU_B_cellranger2.0_umap.csv,1211,6,75.92157506942749
7,7,10X_LLU_B_cellranger3.1_umap.csv,1327,6,78.18582773208618
8,8,10X_LLU_B_umitools_umap.csv,1184,6,75.24250531196594
9,9,10X_LLU_B_zumi_umap.csv,1207,6,73.45829010009766
10,10,10X_NCI_A_cellranger2.0_umap.csv,5355,9,200.88574624061584
11,11,10X_NCI_A_cellranger3.1_umap.csv,6050,10,230.730770111084
12,12,10X_NCI_A_umitools_umap.csv,5344,9,196.7282807826996
13,13,10X_NCI_A_zumi_umap.csv,5385,9,199.33666038513184
14,14,10X_NCI_B_cellranger2.0_umap.csv,2585,7,111.09659719467165
15,15,10X_NCI_B_cellranger3.1_umap.csv,3059,8,126.219571352005
16,16,10X_NCI_B_umitools_umap.csv,2630,7,111.16850972175598
17,17,10X_NCI_B_zumi_umap.csv,2836,8,123.41068887710573
18,18,10X_NCI_M_A_cellranger2.0_umap.csv,5354,9,199.88740038871765
19,19,10X_NCI_M_A_cellranger3.1_umap.csv,6097,10,239.0165135860443
20,20,10X_NCI_M_A_umitools_umap.csv,5339,9,199.97988319396973
21,21,10X_NCI_M_A_zumi_umap.csv,5416,9,202.0349702835083
22,22,10X_NCI_M_B_cellranger2.0_umap.csv,2589,7,111.57513928413393
23,23,10X_NCI_M_B_cellranger3.1_umap.csv,3046,8,126.59213852882384
24,24,10X_NCI_M_B_umitools_umap.csv,2628,7,110.51829075813292
25,25,10X_NCI_M_B_zumi_umap.csv,2805,8,118.51877450942992
26,26,C1_FDA_HT_A_featureCounts_umap.csv,197,3,51.70576882362366
27,27,C1_FDA_HT_A_kallisto_umap.csv,195,4,53.9752562046051
28,28,C1_FDA_HT_A_rsem_umap.csv,197,3,54.3818621635437
29,29,C1_FDA_HT_B_featureCounts_umap.csv,231,4,53.78925108909607
30,30,C1_FDA_HT_B_kallisto_umap.csv,224,4,54.51807236671448
31,31,C1_FDA_HT_B_rsem_umap.csv,231,4,53.85555648803711
32,32,C1_LLU_A_featureCounts_umap.csv,70,3,53.51935887336731
33,33,C1_LLU_A_kallisto_umap.csv,72,3,54.14161157608032
34,34,C1_LLU_A_rsem_umap.csv,71,3,54.69665598869324
35,35,C1_LLU_B_featureCounts_umap.csv,59,3,54.943323850631714
36,36,C1_LLU_B_kallisto_umap.csv,60,3,51.97260046005249
37,37,C1_LLU_B_rsem_umap.csv,60,3,48.77635741233826
38,38,ICELL8_PE_A_featureCounts_umap.csv,568,5,59.44889974594116
39,39,ICELL8_PE_A_kallisto_umap.csv,570,5,59.90077614784241
40,40,ICELL8_PE_A_rsem_umap.csv,563,5,59.645421266555786
41,41,ICELL8_PE_B_featureCounts_umap.csv,547,4,59.09011960029602
42,42,ICELL8_PE_B_kallisto_umap.csv,551,4,56.94384121894837
43,43,ICELL8_PE_B_rsem_umap.csv,548,5,58.81221151351929
44,44,ICELL8_SE_A_featureCounts_umap.csv,570,4,58.12990617752075
45,45,ICELL8_SE_A_rsem_umap.csv,569,5,60.98195052146912
46,46,ICELL8_SE_B_featureCounts_umap.csv,550,4,58.681811571121216
47,47,ICELL8_SE_B_rsem_umap.csv,549,5,60.93282127380371
0,0,ICELL8_SE_A_kallisto_umap.csv,571,4,58.22629570960999
1,1,ICELL8_SE_B_kallisto_umap.csv,553,5,58.31737685203552
2,2,10X_LLU_A_cellranger2.0_umap.csv,2505,7,96.79806232452393
3,3,10X_LLU_A_cellranger3.1_umap.csv,2825,8,109.0622856616974
4,4,10X_LLU_A_umitools_umap.csv,2476,8,101.26116609573364
5,5,10X_LLU_A_zumi_umap.csv,2825,7,103.99407172203064
6,6,10X_LLU_B_cellranger2.0_umap.csv,1211,6,70.79955863952637
7,7,10X_LLU_B_cellranger3.1_umap.csv,1327,6,71.51432991027832
8,8,10X_LLU_B_umitools_umap.csv,1184,6,69.79493737220764
9,9,10X_LLU_B_zumi_umap.csv,1207,6,70.4541277885437
10,10,10X_NCI_A_cellranger2.0_umap.csv,5355,9,175.80866765975952
11,11,10X_NCI_A_cellranger3.1_umap.csv,6050,10,204.5894129276276
12,12,10X_NCI_A_umitools_umap.csv,5344,9,176.1038212776184
13,13,10X_NCI_A_zumi_umap.csv,5385,9,178.30465006828308
14,14,10X_NCI_B_cellranger2.0_umap.csv,2585,7,99.69348812103271
15,15,10X_NCI_B_cellranger3.1_umap.csv,3059,8,113.10132718086244
16,16,10X_NCI_B_umitools_umap.csv,2630,8,105.35995960235596
17,17,10X_NCI_B_zumi_umap.csv,2836,8,111.0282747745514
18,18,10X_NCI_M_A_cellranger2.0_umap.csv,5354,9,176.07861804962158
19,19,10X_NCI_M_A_cellranger3.1_umap.csv,6097,9,196.4091227054596
20,20,10X_NCI_M_A_umitools_umap.csv,5339,9,177.0933473110199
21,21,10X_NCI_M_A_zumi_umap.csv,5416,9,177.6330065727234
22,22,10X_NCI_M_B_cellranger2.0_umap.csv,2589,8,106.69995212554932
23,23,10X_NCI_M_B_cellranger3.1_umap.csv,3046,8,112.34111857414246
24,24,10X_NCI_M_B_umitools_umap.csv,2628,7,101.2707872390747
25,25,10X_NCI_M_B_zumi_umap.csv,2805,8,107.49109482765198
26,26,C1_FDA_HT_A_featureCounts_umap.csv,197,3,50.80318236351013
27,27,C1_FDA_HT_A_kallisto_umap.csv,195,3,53.73905491828919
28,28,C1_FDA_HT_A_rsem_umap.csv,197,3,52.82618069648743
29,29,C1_FDA_HT_B_featureCounts_umap.csv,231,4,54.23083829879761
30,30,C1_FDA_HT_B_kallisto_umap.csv,224,4,52.922101736068726
31,31,C1_FDA_HT_B_rsem_umap.csv,231,4,51.17490720748901
32,32,C1_LLU_A_featureCounts_umap.csv,70,3,52.52402138710022
33,33,C1_LLU_A_kallisto_umap.csv,72,3,52.64088535308838
34,34,C1_LLU_A_rsem_umap.csv,71,3,52.86582112312317
35,35,C1_LLU_B_featureCounts_umap.csv,59,3,50.95191717147827
36,36,C1_LLU_B_kallisto_umap.csv,60,3,53.49361777305603
37,37,C1_LLU_B_rsem_umap.csv,60,3,49.45076894760132
38,38,ICELL8_PE_A_featureCounts_umap.csv,568,5,57.85902667045593
39,39,ICELL8_PE_A_kallisto_umap.csv,570,5,58.86847519874573
40,40,ICELL8_PE_A_rsem_umap.csv,563,5,57.97514081001282
41,41,ICELL8_PE_B_featureCounts_umap.csv,547,4,56.17198729515076
42,42,ICELL8_PE_B_kallisto_umap.csv,551,5,57.48920464515686
43,43,ICELL8_PE_B_rsem_umap.csv,548,5,57.70236349105835
44,44,ICELL8_SE_A_featureCounts_umap.csv,570,4,57.36702156066895
45,45,ICELL8_SE_A_rsem_umap.csv,569,5,58.31199502944946
46,46,ICELL8_SE_B_featureCounts_umap.csv,550,5,58.37853503227234
47,47,ICELL8_SE_B_rsem_umap.csv,549,5,58.72922945022583
0,0,ICELL8_SE_A_kallisto_umap.csv,571,4,59.110280990600586
1,1,ICELL8_SE_B_kallisto_umap.csv,553,5,59.06554579734802
2,2,10X_LLU_A_cellranger2.0_umap.csv,2505,7,97.03648400306702
3,3,10X_LLU_A_cellranger3.1_umap.csv,2825,7,102.93527245521544
4,4,10X_LLU_A_umitools_umap.csv,2476,8,99.33731150627136
5,5,10X_LLU_A_zumi_umap.csv,2825,7,102.3626127243042
6,6,10X_LLU_B_cellranger2.0_umap.csv,1211,6,69.95747494697571
7,7,10X_LLU_B_cellranger3.1_umap.csv,1327,6,72.06572103500366
8,8,10X_LLU_B_umitools_umap.csv,1184,6,70.27144145965576
9,9,10X_LLU_B_zumi_umap.csv,1207,6,69.66653609275818
10,10,10X_NCI_A_cellranger2.0_umap.csv,5355,9,176.14819598197937
11,11,10X_NCI_A_cellranger3.1_umap.csv,6050,10,203.0100154876709
12,12,10X_NCI_A_umitools_umap.csv,5344,9,172.26092743873596
13,13,10X_NCI_A_zumi_umap.csv,5385,9,174.09238862991333
14,14,10X_NCI_B_cellranger2.0_umap.csv,2585,7,99.52041339874268
15,15,10X_NCI_B_cellranger3.1_umap.csv,3059,8,113.24609041213988
16,16,10X_NCI_B_umitools_umap.csv,2630,7,103.81904864311218
17,17,10X_NCI_B_zumi_umap.csv,2836,7,106.76403307914734
18,18,10X_NCI_M_A_cellranger2.0_umap.csv,5354,9,175.22462034225464
19,19,10X_NCI_M_A_cellranger3.1_umap.csv,6097,9,194.09942078590396
20,20,10X_NCI_M_A_umitools_umap.csv,5339,9,175.85027170181274
21,21,10X_NCI_M_A_zumi_umap.csv,5416,9,177.33220911026
22,22,10X_NCI_M_B_cellranger2.0_umap.csv,2589,7,98.15828251838684
23,23,10X_NCI_M_B_cellranger3.1_umap.csv,3046,8,112.69182443618774
24,24,10X_NCI_M_B_umitools_umap.csv,2628,7,101.42742133140564
25,25,10X_NCI_M_B_zumi_umap.csv,2805,7,106.47813987731934
26,26,C1_FDA_HT_A_featureCounts_umap.csv,197,3,48.519556522369385
27,27,C1_FDA_HT_A_kallisto_umap.csv,195,3,49.620781898498535
28,28,C1_FDA_HT_A_rsem_umap.csv,197,3,52.34144949913025
29,29,C1_FDA_HT_B_featureCounts_umap.csv,231,4,51.84478759765625
30,30,C1_FDA_HT_B_kallisto_umap.csv,224,4,54.46487784385681
31,31,C1_FDA_HT_B_rsem_umap.csv,231,4,53.30405187606812
32,32,C1_LLU_A_featureCounts_umap.csv,70,3,54.69158220291138
33,33,C1_LLU_A_kallisto_umap.csv,72,3,53.41955375671387
34,34,C1_LLU_A_rsem_umap.csv,71,3,49.6681272983551
35,35,C1_LLU_B_featureCounts_umap.csv,59,3,52.5307731628418
36,36,C1_LLU_B_kallisto_umap.csv,60,3,53.81649351119995
37,37,C1_LLU_B_rsem_umap.csv,60,3,50.692301988601685
38,38,ICELL8_PE_A_featureCounts_umap.csv,568,5,58.00632929801941
39,39,ICELL8_PE_A_kallisto_umap.csv,570,5,56.81192851066589
40,40,ICELL8_PE_A_rsem_umap.csv,563,5,57.36055397987366
41,41,ICELL8_PE_B_featureCounts_umap.csv,547,4,57.31649875640869
42,42,ICELL8_PE_B_kallisto_umap.csv,551,5,57.35746431350708
43,43,ICELL8_PE_B_rsem_umap.csv,548,5,57.09138178825378
44,44,ICELL8_SE_A_featureCounts_umap.csv,570,4,57.54304051399231
45,45,ICELL8_SE_A_rsem_umap.csv,569,5,57.189475297927856
46,46,ICELL8_SE_B_featureCounts_umap.csv,550,4,58.62628984451294
47,47,ICELL8_SE_B_rsem_umap.csv,549,5,58.27182698249817
0,0,ICELL8_SE_A_kallisto_umap.csv,571,5,53.16171836853027
1,1,ICELL8_SE_B_kallisto_umap.csv,553,5,53.47130227088928
2,2,10X_LLU_A_cellranger2.0_umap.csv,2505,7,91.51698207855225
3,3,10X_LLU_A_cellranger3.1_umap.csv,2825,7,95.48106288909912
4,4,10X_LLU_A_umitools_umap.csv,2476,7,89.68313241004944
5,5,10X_LLU_A_zumi_umap.csv,2825,7,94.57450795173644
6,6,10X_LLU_B_cellranger2.0_umap.csv,1211,6,64.868971824646
7,7,10X_LLU_B_cellranger3.1_umap.csv,1327,6,67.13488388061523
8,8,10X_LLU_B_umitools_umap.csv,1184,6,63.97642159461975
9,9,10X_LLU_B_zumi_umap.csv,1207,6,63.98145055770874
10,10,10X_NCI_A_cellranger2.0_umap.csv,5355,9,160.41703748703003
11,11,10X_NCI_A_cellranger3.1_umap.csv,6050,10,185.9122076034546
12,12,10X_NCI_A_umitools_umap.csv,5344,9,158.5565505027771
13,13,10X_NCI_A_zumi_umap.csv,5385,9,161.23512434959412
14,14,10X_NCI_B_cellranger2.0_umap.csv,2585,7,90.73746252059937
15,15,10X_NCI_B_cellranger3.1_umap.csv,3059,8,105.72381806373596
16,16,10X_NCI_B_umitools_umap.csv,2630,8,97.9011116027832
17,17,10X_NCI_B_zumi_umap.csv,2836,8,97.55155086517334
18,18,10X_NCI_M_A_cellranger2.0_umap.csv,5354,9,160.28795862197876
19,19,10X_NCI_M_A_cellranger3.1_umap.csv,6097,9,180.8533012866974
20,20,10X_NCI_M_A_umitools_umap.csv,5339,9,170.19652485847473
21,21,10X_NCI_M_A_zumi_umap.csv,5416,9,163.6902403831482
22,22,10X_NCI_M_B_cellranger2.0_umap.csv,2589,7,90.19120335578918
23,23,10X_NCI_M_B_cellranger3.1_umap.csv,3046,8,102.52485752105711
24,24,10X_NCI_M_B_umitools_umap.csv,2628,7,92.40831112861632
25,25,10X_NCI_M_B_zumi_umap.csv,2805,7,93.6397349834442
26,26,C1_FDA_HT_A_featureCounts_umap.csv,197,3,45.71195936203003
27,27,C1_FDA_HT_A_kallisto_umap.csv,195,3,47.64599657058716
28,28,C1_FDA_HT_A_rsem_umap.csv,197,3,47.22371554374695
29,29,C1_FDA_HT_B_featureCounts_umap.csv,231,4,47.71893239021301
30,30,C1_FDA_HT_B_kallisto_umap.csv,224,4,48.65017032623291
31,31,C1_FDA_HT_B_rsem_umap.csv,231,4,48.61764097213745
32,32,C1_LLU_A_featureCounts_umap.csv,70,3,47.394327878952026
33,33,C1_LLU_A_kallisto_umap.csv,72,3,47.47849559783936
34,34,C1_LLU_A_rsem_umap.csv,71,3,44.48291325569153
35,35,C1_LLU_B_featureCounts_umap.csv,59,3,46.34169626235962
36,36,C1_LLU_B_kallisto_umap.csv,60,3,47.41363716125488
37,37,C1_LLU_B_rsem_umap.csv,60,3,46.64718961715698
38,38,ICELL8_PE_A_featureCounts_umap.csv,568,5,53.97626185417175
39,39,ICELL8_PE_A_kallisto_umap.csv,570,5,51.80184960365296
40,40,ICELL8_PE_A_rsem_umap.csv,563,5,52.45287418365479
41,41,ICELL8_PE_B_featureCounts_umap.csv,547,4,51.05365991592407
42,42,ICELL8_PE_B_kallisto_umap.csv,551,4,52.92713236808777
43,43,ICELL8_PE_B_rsem_umap.csv,548,5,52.06654620170593
44,44,ICELL8_SE_A_featureCounts_umap.csv,570,4,52.73757028579712
45,45,ICELL8_SE_A_rsem_umap.csv,569,5,53.55048251152039
46,46,ICELL8_SE_B_featureCounts_umap.csv,550,4,53.05756187438965
47,47,ICELL8_SE_B_rsem_umap.csv,549,5,52.570311069488525
0,0,ICELL8_SE_A_kallisto_umap.csv,571,4,60.58894395828247
1,1,ICELL8_SE_B_kallisto_umap.csv,553,5,59.76374316215515
2,2,10X_LLU_A_cellranger2.0_umap.csv,2505,7,98.77239561080933
3,3,10X_LLU_A_cellranger3.1_umap.csv,2825,7,103.49914526939392
4,4,10X_LLU_A_umitools_umap.csv,2476,7,95.25300359725952
5,5,10X_LLU_A_zumi_umap.csv,2825,7,103.80820727348328
6,6,10X_LLU_B_cellranger2.0_umap.csv,1211,6,69.71875333786011
7,7,10X_LLU_B_cellranger3.1_umap.csv,1327,6,72.61859035491943
8,8,10X_LLU_B_umitools_umap.csv,1184,6,68.30833792686462
9,9,10X_LLU_B_zumi_umap.csv,1207,6,68.32411289215088
10,10,10X_NCI_A_cellranger2.0_umap.csv,5355,9,167.01246047019958
11,11,10X_NCI_A_cellranger3.1_umap.csv,6050,9,185.39174485206604
12,12,10X_NCI_A_umitools_umap.csv,5344,10,178.43455290794373
13,13,10X_NCI_A_zumi_umap.csv,5385,9,170.2790060043335
14,14,10X_NCI_B_cellranger2.0_umap.csv,2585,7,95.83947825431824
15,15,10X_NCI_B_cellranger3.1_umap.csv,3059,8,112.39411854743958
16,16,10X_NCI_B_umitools_umap.csv,2630,7,98.7606282234192
17,17,10X_NCI_B_zumi_umap.csv,2836,7,103.18826866149902
18,18,10X_NCI_M_A_cellranger2.0_umap.csv,5354,9,168.44233751296997
19,19,10X_NCI_M_A_cellranger3.1_umap.csv,6097,9,186.4664752483368
20,20,10X_NCI_M_A_umitools_umap.csv,5339,9,168.22030448913574
21,21,10X_NCI_M_A_zumi_umap.csv,5416,9,170.71966814994812
22,22,10X_NCI_M_B_cellranger2.0_umap.csv,2589,7,95.13653063774107
23,23,10X_NCI_M_B_cellranger3.1_umap.csv,3046,7,102.93455481529236
24,24,10X_NCI_M_B_umitools_umap.csv,2628,7,96.9610366821289
25,25,10X_NCI_M_B_zumi_umap.csv,2805,7,100.48430705070496
26,26,C1_FDA_HT_A_featureCounts_umap.csv,197,3,50.159324645996094
27,27,C1_FDA_HT_A_kallisto_umap.csv,195,3,50.86312031745911
28,28,C1_FDA_HT_A_rsem_umap.csv,197,3,53.24045586585999
29,29,C1_FDA_HT_B_featureCounts_umap.csv,231,4,55.35002827644348
30,30,C1_FDA_HT_B_kallisto_umap.csv,224,4,51.497833251953125
31,31,C1_FDA_HT_B_rsem_umap.csv,231,4,52.72328186035156
32,32,C1_LLU_A_featureCounts_umap.csv,70,3,52.97971987724304
33,33,C1_LLU_A_kallisto_umap.csv,72,3,53.94218039512634
34,34,C1_LLU_A_rsem_umap.csv,71,3,53.58253598213196
35,35,C1_LLU_B_featureCounts_umap.csv,59,3,51.8289909362793
36,36,C1_LLU_B_kallisto_umap.csv,60,3,54.43386673927307
37,37,C1_LLU_B_rsem_umap.csv,60,3,48.52963042259216
38,38,ICELL8_PE_A_featureCounts_umap.csv,568,5,57.63990092277527
39,39,ICELL8_PE_A_kallisto_umap.csv,570,5,56.86445331573486
40,40,ICELL8_PE_A_rsem_umap.csv,563,5,59.71030831336975
41,41,ICELL8_PE_B_featureCounts_umap.csv,547,4,59.36492133140564
42,42,ICELL8_PE_B_kallisto_umap.csv,551,4,60.095582485198975
43,43,ICELL8_PE_B_rsem_umap.csv,548,5,55.58825135231018
44,44,ICELL8_SE_A_featureCounts_umap.csv,570,4,58.36683940887451
45,45,ICELL8_SE_A_rsem_umap.csv,569,5,57.36480093002319
46,46,ICELL8_SE_B_featureCounts_umap.csv,550,4,59.16929888725281
47,47,ICELL8_SE_B_rsem_umap.csv,549,5,55.80659866333008
0,0,ICELL8_SE_A_kallisto_umap.csv,571,4,52.86073684692383
1,1,ICELL8_SE_B_kallisto_umap.csv,553,5,52.97593379020691
2,2,10X_LLU_A_cellranger2.0_umap.csv,2505,7,87.14611434936523
3,3,10X_LLU_A_cellranger3.1_umap.csv,2825,7,90.99654507637024
4,4,10X_LLU_A_umitools_umap.csv,2476,7,85.78528189659119
5,5,10X_LLU_A_zumi_umap.csv,2825,7,92.75366067886353
6,6,10X_LLU_B_cellranger2.0_umap.csv,1211,5,62.43770885467529
7,7,10X_LLU_B_cellranger3.1_umap.csv,1327,6,65.14251756668091
8,8,10X_LLU_B_umitools_umap.csv,1184,6,62.47848129272461
9,9,10X_LLU_B_zumi_umap.csv,1207,6,63.67519497871399
10,10,10X_NCI_A_cellranger2.0_umap.csv,5355,9,154.45434880256653
11,11,10X_NCI_A_cellranger3.1_umap.csv,6050,9,167.68100118637085
12,12,10X_NCI_A_umitools_umap.csv,5344,9,154.833477973938
13,13,10X_NCI_A_zumi_umap.csv,5385,9,156.31569981575012
14,14,10X_NCI_B_cellranger2.0_umap.csv,2585,7,88.97129225730896
15,15,10X_NCI_B_cellranger3.1_umap.csv,3059,8,100.52299094200134
16,16,10X_NCI_B_umitools_umap.csv,2630,7,88.82326006889343
17,17,10X_NCI_B_zumi_umap.csv,2836,7,93.5424497127533
18,18,10X_NCI_M_A_cellranger2.0_umap.csv,5354,9,154.28358912467957
19,19,10X_NCI_M_A_cellranger3.1_umap.csv,6097,9,171.6344392299652
20,20,10X_NCI_M_A_umitools_umap.csv,5339,10,164.25211143493652
21,21,10X_NCI_M_A_zumi_umap.csv,5416,9,153.10122418403623
22,22,10X_NCI_M_B_cellranger2.0_umap.csv,2589,7,89.77202725410461
23,23,10X_NCI_M_B_cellranger3.1_umap.csv,3046,8,101.0232253074646
24,24,10X_NCI_M_B_umitools_umap.csv,2628,7,90.10699462890624
25,25,10X_NCI_M_B_zumi_umap.csv,2805,7,91.87930226325987
26,26,C1_FDA_HT_A_featureCounts_umap.csv,197,3,45.06691002845764
27,27,C1_FDA_HT_A_kallisto_umap.csv,195,3,48.803643465042114
28,28,C1_FDA_HT_A_rsem_umap.csv,197,3,49.00268149375916
29,29,C1_FDA_HT_B_featureCounts_umap.csv,231,4,46.950329542160034
30,30,C1_FDA_HT_B_kallisto_umap.csv,224,4,46.80837869644165
31,31,C1_FDA_HT_B_rsem_umap.csv,231,4,49.05246329307556
32,32,C1_LLU_A_featureCounts_umap.csv,70,3,46.7461097240448
33,33,C1_LLU_A_kallisto_umap.csv,72,3,44.9985101222992
34,34,C1_LLU_A_rsem_umap.csv,71,3,48.7499258518219
35,35,C1_LLU_B_featureCounts_umap.csv,59,3,48.34756016731262
36,36,C1_LLU_B_kallisto_umap.csv,60,3,47.58134198188782
37,37,C1_LLU_B_rsem_umap.csv,60,3,45.15899658203125
38,38,ICELL8_PE_A_featureCounts_umap.csv,568,5,53.75016450881958
39,39,ICELL8_PE_A_kallisto_umap.csv,570,5,51.89907836914063
40,40,ICELL8_PE_A_rsem_umap.csv,563,5,52.39057159423828
41,41,ICELL8_PE_B_featureCounts_umap.csv,547,4,53.34184074401856
42,42,ICELL8_PE_B_kallisto_umap.csv,551,5,49.94993281364441
43,43,ICELL8_PE_B_rsem_umap.csv,548,4,52.545844316482544
44,44,ICELL8_SE_A_featureCounts_umap.csv,570,4,52.19852900505066
45,45,ICELL8_SE_A_rsem_umap.csv,569,5,52.35385513305664
46,46,ICELL8_SE_B_featureCounts_umap.csv,550,5,52.88989210128784
47,47,ICELL8_SE_B_rsem_umap.csv,549,5,52.14590787887573
0,0,ICELL8_SE_A_kallisto_umap.csv,571,4,57.04241871833801
1,1,ICELL8_SE_B_kallisto_umap.csv,553,5,56.40463733673096
2,2,10X_LLU_A_cellranger2.0_umap.csv,2505,7,96.30131697654724
3,3,10X_LLU_A_cellranger3.1_umap.csv,2825,7,98.89818692207336
4,4,10X_LLU_A_umitools_umap.csv,2476,7,95.35363626480104
5,5,10X_LLU_A_zumi_umap.csv,2825,7,102.09287858009338
6,6,10X_LLU_B_cellranger2.0_umap.csv,1211,6,68.91545557975769
7,7,10X_LLU_B_cellranger3.1_umap.csv,1327,5,68.13513231277466
8,8,10X_LLU_B_umitools_umap.csv,1184,5,65.88800024986267
9,9,10X_LLU_B_zumi_umap.csv,1207,5,65.35480523109436
10,10,10X_NCI_A_cellranger2.0_umap.csv,5355,9,166.68476748466492
11,11,10X_NCI_A_cellranger3.1_umap.csv,6050,10,194.9211003780365
12,12,10X_NCI_A_umitools_umap.csv,5344,9,169.24772691726685
13,13,10X_NCI_A_zumi_umap.csv,5385,9,169.0862476825714
14,14,10X_NCI_B_cellranger2.0_umap.csv,2585,7,94.98355793952942
15,15,10X_NCI_B_cellranger3.1_umap.csv,3059,8,108.86875987052916
16,16,10X_NCI_B_umitools_umap.csv,2630,7,95.83620643615724
17,17,10X_NCI_B_zumi_umap.csv,2836,7,99.57561492919922
18,18,10X_NCI_M_A_cellranger2.0_umap.csv,5354,8,154.310715675354
19,19,10X_NCI_M_A_cellranger3.1_umap.csv,6097,9,181.3714096546173
20,20,10X_NCI_M_A_umitools_umap.csv,5339,8,154.7147340774536
21,21,10X_NCI_M_A_zumi_umap.csv,5416,9,174.33200907707214
22,22,10X_NCI_M_B_cellranger2.0_umap.csv,2589,7,93.66138005256651
23,23,10X_NCI_M_B_cellranger3.1_umap.csv,3046,8,107.81854629516602
24,24,10X_NCI_M_B_umitools_umap.csv,2628,7,96.13982224464417
25,25,10X_NCI_M_B_zumi_umap.csv,2805,7,102.29362487792967
26,26,C1_FDA_HT_A_featureCounts_umap.csv,197,3,50.398773193359375
27,27,C1_FDA_HT_A_kallisto_umap.csv,195,3,51.73001646995544
28,28,C1_FDA_HT_A_rsem_umap.csv,197,3,51.7598135471344
29,29,C1_FDA_HT_B_featureCounts_umap.csv,231,3,51.6916069984436
30,30,C1_FDA_HT_B_kallisto_umap.csv,224,3,53.10304355621338
31,31,C1_FDA_HT_B_rsem_umap.csv,231,3,52.87670540809631
32,32,C1_LLU_A_featureCounts_umap.csv,70,3,52.92165637016296
33,33,C1_LLU_A_kallisto_umap.csv,72,3,52.92181658744812
34,34,C1_LLU_A_rsem_umap.csv,71,3,53.13995742797852
35,35,C1_LLU_B_featureCounts_umap.csv,59,3,51.106563568115234
36,36,C1_LLU_B_kallisto_umap.csv,60,3,53.89602160453797
37,37,C1_LLU_B_rsem_umap.csv,60,3,47.12961673736572
38,38,ICELL8_PE_A_featureCounts_umap.csv,568,4,56.45210218429565
39,39,ICELL8_PE_A_kallisto_umap.csv,570,4,56.00086402893066
40,40,ICELL8_PE_A_rsem_umap.csv,563,4,55.05754089355469
41,41,ICELL8_PE_B_featureCounts_umap.csv,547,4,52.19089651107788
42,42,ICELL8_PE_B_kallisto_umap.csv,551,4,56.40454435348511
43,43,ICELL8_PE_B_rsem_umap.csv,548,4,55.75490832328797
44,44,ICELL8_SE_A_featureCounts_umap.csv,570,4,55.38793540000916
45,45,ICELL8_SE_A_rsem_umap.csv,569,4,55.968180418014526
46,46,ICELL8_SE_B_featureCounts_umap.csv,550,4,55.894542932510376
47,47,ICELL8_SE_B_rsem_umap.csv,549,4,57.16286063194275
0,0,ICELL8_SE_A_kallisto_umap.csv,571,4,57.30283951759338
1,1,ICELL8_SE_B_kallisto_umap.csv,553,5,55.79042458534241
2,2,10X_LLU_A_cellranger2.0_umap.csv,2505,7,96.20218396186829
3,3,10X_LLU_A_cellranger3.1_umap.csv,2825,7,101.08909392356873
4,4,10X_LLU_A_umitools_umap.csv,2476,7,94.6488003730774
5,5,10X_LLU_A_zumi_umap.csv,2825,8,106.60831022262572
6,6,10X_LLU_B_cellranger2.0_umap.csv,1211,6,67.37951445579529
7,7,10X_LLU_B_cellranger3.1_umap.csv,1327,6,70.5143301486969
8,8,10X_LLU_B_umitools_umap.csv,1184,6,69.09108829498291
9,9,10X_LLU_B_zumi_umap.csv,1207,6,70.49592733383179
10,10,10X_NCI_A_cellranger2.0_umap.csv,5355,9,177.88719844818115
11,11,10X_NCI_A_cellranger3.1_umap.csv,6050,10,196.06736850738525
12,12,10X_NCI_A_umitools_umap.csv,5344,9,169.57681274414062
13,13,10X_NCI_A_zumi_umap.csv,5385,9,175.12569332122803
14,14,10X_NCI_B_cellranger2.0_umap.csv,2585,7,96.8288357257843
15,15,10X_NCI_B_cellranger3.1_umap.csv,3059,8,108.5776388645172
16,16,10X_NCI_B_umitools_umap.csv,2630,8,102.23231434822084
17,17,10X_NCI_B_zumi_umap.csv,2836,7,99.44675087928772
18,18,10X_NCI_M_A_cellranger2.0_umap.csv,5354,8,157.46644687652588
19,19,10X_NCI_M_A_cellranger3.1_umap.csv,6097,10,196.3498830795288
20,20,10X_NCI_M_A_umitools_umap.csv,5339,9,167.6546778678894
21,21,10X_NCI_M_A_zumi_umap.csv,5416,9,170.3590259552002
22,22,10X_NCI_M_B_cellranger2.0_umap.csv,2589,7,96.34615802764893
23,23,10X_NCI_M_B_cellranger3.1_umap.csv,3046,8,108.86623287200928
24,24,10X_NCI_M_B_umitools_umap.csv,2628,7,96.20509362220764
25,25,10X_NCI_M_B_zumi_umap.csv,2805,8,103.94450402259828
26,26,C1_FDA_HT_A_featureCounts_umap.csv,197,3,47.35352921485901
27,27,C1_FDA_HT_A_kallisto_umap.csv,195,3,51.370057582855225
28,28,C1_FDA_HT_A_rsem_umap.csv,197,3,52.54779553413391
29,29,C1_FDA_HT_B_featureCounts_umap.csv,231,4,52.30666184425354
30,30,C1_FDA_HT_B_kallisto_umap.csv,224,4,51.76695489883423
31,31,C1_FDA_HT_B_rsem_umap.csv,231,4,51.57907605171204
32,32,C1_LLU_A_featureCounts_umap.csv,70,3,50.9140989780426
33,33,C1_LLU_A_kallisto_umap.csv,72,3,51.4733874797821
34,34,C1_LLU_A_rsem_umap.csv,71,3,52.2012836933136
35,35,C1_LLU_B_featureCounts_umap.csv,59,3,50.69137763977051
36,36,C1_LLU_B_kallisto_umap.csv,60,3,53.3093957901001
37,37,C1_LLU_B_rsem_umap.csv,60,3,47.69366574287415
38,38,ICELL8_PE_A_featureCounts_umap.csv,568,5,56.74015784263611
39,39,ICELL8_PE_A_kallisto_umap.csv,570,5,55.68502974510193
40,40,ICELL8_PE_A_rsem_umap.csv,563,5,55.7231822013855
41,41,ICELL8_PE_B_featureCounts_umap.csv,547,4,57.285181283950806
42,42,ICELL8_PE_B_kallisto_umap.csv,551,4,57.523818254470825
43,43,ICELL8_PE_B_rsem_umap.csv,548,5,58.00664687156677
44,44,ICELL8_SE_A_featureCounts_umap.csv,570,4,57.017980337142944
45,45,ICELL8_SE_A_rsem_umap.csv,569,5,57.33771228790283
46,46,ICELL8_SE_B_featureCounts_umap.csv,550,4,56.18110918998718
47,47,ICELL8_SE_B_rsem_umap.csv,549,5,55.82120680809021
0,0,ICELL8_SE_A_kallisto_umap.csv,571,4,57.44286298751831
1,1,ICELL8_SE_B_kallisto_umap.csv,553,5,57.28961658477783
2,2,10X_LLU_A_cellranger2.0_umap.csv,2505,7,94.11751532554626
3,3,10X_LLU_A_cellranger3.1_umap.csv,2825,7,98.08913588523863
4,4,10X_LLU_A_umitools_umap.csv,2476,7,94.84315514564514
5,5,10X_LLU_A_zumi_umap.csv,2825,7,100.68532586097716
6,6,10X_LLU_B_cellranger2.0_umap.csv,1211,5,67.13824033737183
7,7,10X_LLU_B_cellranger3.1_umap.csv,1327,5,68.90396499633789
8,8,10X_LLU_B_umitools_umap.csv,1184,5,66.99210119247437
9,9,10X_LLU_B_zumi_umap.csv,1207,6,67.47942590713501
10,10,10X_NCI_A_cellranger2.0_umap.csv,5355,8,154.51836037635803
11,11,10X_NCI_A_cellranger3.1_umap.csv,6050,10,196.85752296447757
12,12,10X_NCI_A_umitools_umap.csv,5344,9,166.8300621509552
13,13,10X_NCI_A_zumi_umap.csv,5385,9,178.5956993103027
14,14,10X_NCI_B_cellranger2.0_umap.csv,2585,7,97.7407112121582
15,15,10X_NCI_B_cellranger3.1_umap.csv,3059,7,112.49128341674805
16,16,10X_NCI_B_umitools_umap.csv,2630,7,101.08731341362
17,17,10X_NCI_B_zumi_umap.csv,2836,7,105.63757228851318
18,18,10X_NCI_M_A_cellranger2.0_umap.csv,5354,8,161.72798037528992
19,19,10X_NCI_M_A_cellranger3.1_umap.csv,6097,9,188.88117790222168
20,20,10X_NCI_M_A_umitools_umap.csv,5339,9,173.7497169971466
21,21,10X_NCI_M_A_zumi_umap.csv,5416,9,170.69990491867063
22,22,10X_NCI_M_B_cellranger2.0_umap.csv,2589,7,102.91996192932127
23,23,10X_NCI_M_B_cellranger3.1_umap.csv,3046,8,116.27992367744446
24,24,10X_NCI_M_B_umitools_umap.csv,2628,7,97.33215928077698
25,25,10X_NCI_M_B_zumi_umap.csv,2805,8,111.54269123077393
26,26,C1_FDA_HT_A_featureCounts_umap.csv,197,3,46.80987310409546
27,27,C1_FDA_HT_A_kallisto_umap.csv,195,3,52.28931474685669
28,28,C1_FDA_HT_A_rsem_umap.csv,197,3,50.75228667259216
29,29,C1_FDA_HT_B_featureCounts_umap.csv,231,3,52.063172340393066
30,30,C1_FDA_HT_B_kallisto_umap.csv,224,3,53.383501052856445
31,31,C1_FDA_HT_B_rsem_umap.csv,231,3,53.00603175163269
32,32,C1_LLU_A_featureCounts_umap.csv,70,3,51.53416514396668
33,33,C1_LLU_A_kallisto_umap.csv,72,3,51.98213005065918
34,34,C1_LLU_A_rsem_umap.csv,71,3,49.58927583694458
35,35,C1_LLU_B_featureCounts_umap.csv,59,3,52.19227981567383
36,36,C1_LLU_B_kallisto_umap.csv,60,3,53.28202557563782
37,37,C1_LLU_B_rsem_umap.csv,60,3,51.11394166946411
38,38,ICELL8_PE_A_featureCounts_umap.csv,568,4,57.7758367061615
39,39,ICELL8_PE_A_kallisto_umap.csv,570,4,57.20755934715271
40,40,ICELL8_PE_A_rsem_umap.csv,563,4,55.92376732826233
41,41,ICELL8_PE_B_featureCounts_umap.csv,547,4,55.4748740196228
42,42,ICELL8_PE_B_kallisto_umap.csv,551,4,56.42468738555908
43,43,ICELL8_PE_B_rsem_umap.csv,548,4,55.996174812316895
44,44,ICELL8_SE_A_featureCounts_umap.csv,570,4,54.34998536109924
45,45,ICELL8_SE_A_rsem_umap.csv,569,4,55.705546617507935
46,46,ICELL8_SE_B_featureCounts_umap.csv,550,4,56.19387722015381
47,47,ICELL8_SE_B_rsem_umap.csv,549,5,56.48207449913025
0,0,ICELL8_SE_A_kallisto_umap.csv,571,4,55.95403027534485
1,1,ICELL8_SE_B_kallisto_umap.csv,553,5,56.11726069450378
2,2,10X_LLU_A_cellranger2.0_umap.csv,2505,7,95.38606214523315
3,3,10X_LLU_A_cellranger3.1_umap.csv,2825,8,103.30529475212096
4,4,10X_LLU_A_umitools_umap.csv,2476,7,95.7458996772766
5,5,10X_LLU_A_zumi_umap.csv,2825,7,100.15956258773804
6,6,10X_LLU_B_cellranger2.0_umap.csv,1211,6,68.64106369018555
7,7,10X_LLU_B_cellranger3.1_umap.csv,1327,6,71.53548836708069
8,8,10X_LLU_B_umitools_umap.csv,1184,6,70.08816194534302
9,9,10X_LLU_B_zumi_umap.csv,1207,6,70.80028700828552
10,10,10X_NCI_A_cellranger2.0_umap.csv,5355,9,165.60203003883362
11,11,10X_NCI_A_cellranger3.1_umap.csv,6050,10,197.1500978469849
12,12,10X_NCI_A_umitools_umap.csv,5344,10,183.18017601966855
13,13,10X_NCI_A_zumi_umap.csv,5385,10,181.63761830329892
14,14,10X_NCI_B_cellranger2.0_umap.csv,2585,7,97.96354126930235
15,15,10X_NCI_B_cellranger3.1_umap.csv,3059,8,111.44812107086182
16,16,10X_NCI_B_umitools_umap.csv,2630,8,103.56514811515808
17,17,10X_NCI_B_zumi_umap.csv,2836,7,100.39011478424072
18,18,10X_NCI_M_A_cellranger2.0_umap.csv,5354,9,169.27441596984863
19,19,10X_NCI_M_A_cellranger3.1_umap.csv,6097,10,197.17631459236145
20,20,10X_NCI_M_A_umitools_umap.csv,5339,9,170.5681610107422
21,21,10X_NCI_M_A_zumi_umap.csv,5416,9,175.00363969802856
22,22,10X_NCI_M_B_cellranger2.0_umap.csv,2589,7,96.17538475990295
23,23,10X_NCI_M_B_cellranger3.1_umap.csv,3046,8,111.105952501297
24,24,10X_NCI_M_B_umitools_umap.csv,2628,7,100.05221390724182
25,25,10X_NCI_M_B_zumi_umap.csv,2805,7,98.99334788322447
26,26,C1_FDA_HT_A_featureCounts_umap.csv,197,3,51.14411926269531
27,27,C1_FDA_HT_A_kallisto_umap.csv,195,3,53.58846974372864
28,28,C1_FDA_HT_A_rsem_umap.csv,197,3,52.45974206924439
29,29,C1_FDA_HT_B_featureCounts_umap.csv,231,4,52.01328492164612
30,30,C1_FDA_HT_B_kallisto_umap.csv,224,4,52.55626058578491
31,31,C1_FDA_HT_B_rsem_umap.csv,231,4,51.41213583946228
32,32,C1_LLU_A_featureCounts_umap.csv,70,3,51.48664736747742
33,33,C1_LLU_A_kallisto_umap.csv,72,3,50.64328598976135
34,34,C1_LLU_A_rsem_umap.csv,71,3,53.14299154281616
35,35,C1_LLU_B_featureCounts_umap.csv,59,3,50.86735987663269
36,36,C1_LLU_B_kallisto_umap.csv,60,3,55.40190935134888
37,37,C1_LLU_B_rsem_umap.csv,60,3,49.33794379234314
38,38,ICELL8_PE_A_featureCounts_umap.csv,568,5,58.23653531074524
39,39,ICELL8_PE_A_kallisto_umap.csv,570,5,57.59822750091553
40,40,ICELL8_PE_A_rsem_umap.csv,563,5,57.26586198806763
41,41,ICELL8_PE_B_featureCounts_umap.csv,547,4,55.9117169380188
42,42,ICELL8_PE_B_kallisto_umap.csv,551,5,55.42729783058167
43,43,ICELL8_PE_B_rsem_umap.csv,548,4,58.2706925868988
44,44,ICELL8_SE_A_featureCounts_umap.csv,570,4,56.81854200363159
45,45,ICELL8_SE_A_rsem_umap.csv,569,5,57.155338525772095
46,46,ICELL8_SE_B_featureCounts_umap.csv,550,4,55.59148716926575
47,47,ICELL8_SE_B_rsem_umap.csv,549,5,55.7091646194458
0,0,ICELL8_SE_A_kallisto_umap.csv,571,4,57.02092909812927
1,1,ICELL8_SE_B_kallisto_umap.csv,553,5,57.28779053688049
2,2,10X_LLU_A_cellranger2.0_umap.csv,2505,7,96.41255044937134
3,3,10X_LLU_A_cellranger3.1_umap.csv,2825,7,104.47868490219116
4,4,10X_LLU_A_umitools_umap.csv,2476,7,98.11257123947144
5,5,10X_LLU_A_zumi_umap.csv,2825,8,112.26762557029724
6,6,10X_LLU_B_cellranger2.0_umap.csv,1211,6,69.53535866737366
7,7,10X_LLU_B_cellranger3.1_umap.csv,1327,6,72.34053349494934
8,8,10X_LLU_B_umitools_umap.csv,1184,6,69.94854426383972
9,9,10X_LLU_B_zumi_umap.csv,1207,6,69.85360145568848
10,10,10X_NCI_A_cellranger2.0_umap.csv,5355,9,171.53663229942322
11,11,10X_NCI_A_cellranger3.1_umap.csv,6050,9,193.06840419769287
12,12,10X_NCI_A_umitools_umap.csv,5344,9,175.45706486701965
13,13,10X_NCI_A_zumi_umap.csv,5385,9,176.74538564682007
14,14,10X_NCI_B_cellranger2.0_umap.csv,2585,7,97.85552549362184
15,15,10X_NCI_B_cellranger3.1_umap.csv,3059,8,111.48073267936708
16,16,10X_NCI_B_umitools_umap.csv,2630,8,105.25203204154968
17,17,10X_NCI_B_zumi_umap.csv,2836,7,106.9124801158905
18,18,10X_NCI_M_A_cellranger2.0_umap.csv,5354,9,175.10293078422546
19,19,10X_NCI_M_A_cellranger3.1_umap.csv,6097,10,203.19012904167172
20,20,10X_NCI_M_A_umitools_umap.csv,5339,9,175.17095732688904
21,21,10X_NCI_M_A_zumi_umap.csv,5416,9,174.5665831565857
22,22,10X_NCI_M_B_cellranger2.0_umap.csv,2589,7,98.62577867507936
23,23,10X_NCI_M_B_cellranger3.1_umap.csv,3046,8,112.34821438789368
24,24,10X_NCI_M_B_umitools_umap.csv,2628,7,100.8062424659729
25,25,10X_NCI_M_B_zumi_umap.csv,2805,7,104.61301326751708
26,26,C1_FDA_HT_A_featureCounts_umap.csv,197,3,52.46896982192993
27,27,C1_FDA_HT_A_kallisto_umap.csv,195,3,54.60474562644959
28,28,C1_FDA_HT_A_rsem_umap.csv,197,3,49.06270623207092
29,29,C1_FDA_HT_B_featureCounts_umap.csv,231,4,52.48919200897217
30,30,C1_FDA_HT_B_kallisto_umap.csv,224,4,52.11729860305786
31,31,C1_FDA_HT_B_rsem_umap.csv,231,4,52.72571587562561
32,32,C1_LLU_A_featureCounts_umap.csv,70,3,52.82792115211487
33,33,C1_LLU_A_kallisto_umap.csv,72,3,49.32120943069458
34,34,C1_LLU_A_rsem_umap.csv,71,3,53.035271883010864
35,35,C1_LLU_B_featureCounts_umap.csv,59,3,51.7225661277771
36,36,C1_LLU_B_kallisto_umap.csv,60,3,54.815425872802734
37,37,C1_LLU_B_rsem_umap.csv,60,3,49.33126950263977
38,38,ICELL8_PE_A_featureCounts_umap.csv,568,5,57.54034233093262
39,39,ICELL8_PE_A_kallisto_umap.csv,570,5,56.66056776046753
40,40,ICELL8_PE_A_rsem_umap.csv,563,5,55.01625990867615
41,41,ICELL8_PE_B_featureCounts_umap.csv,547,4,54.211684465408325
42,42,ICELL8_PE_B_kallisto_umap.csv,551,5,56.786404609680176
43,43,ICELL8_PE_B_rsem_umap.csv,548,5,57.59677577018738
44,44,ICELL8_SE_A_featureCounts_umap.csv,570,4,58.05147075653076
45,45,ICELL8_SE_A_rsem_umap.csv,569,5,57.156195640563965
46,46,ICELL8_SE_B_featureCounts_umap.csv,550,5,58.83223938941956
47,47,ICELL8_SE_B_rsem_umap.csv,549,5,57.076087474823
0,0,ICELL8_SE_A_kallisto_umap.csv,571,4,59.47351908683777
1,1,ICELL8_SE_B_kallisto_umap.csv,553,4,59.148478746414185
2,2,10X_LLU_A_cellranger2.0_umap.csv,2505,7,102.5313365459442
3,3,10X_LLU_A_cellranger3.1_umap.csv,2825,7,109.67651867866516
4,4,10X_LLU_A_umitools_umap.csv,2476,7,103.09813523292542
5,5,10X_LLU_A_zumi_umap.csv,2825,7,110.07977151870728
6,6,10X_LLU_B_cellranger2.0_umap.csv,1211,6,73.05551242828369
7,7,10X_LLU_B_cellranger3.1_umap.csv,1327,6,74.2556221485138
8,8,10X_LLU_B_umitools_umap.csv,1184,5,70.03337407112122
9,9,10X_LLU_B_zumi_umap.csv,1207,5,70.90768051147461
10,10,10X_NCI_A_cellranger2.0_umap.csv,5355,9,198.7668595314026
11,11,10X_NCI_A_cellranger3.1_umap.csv,6050,10,225.66864800453183
12,12,10X_NCI_A_umitools_umap.csv,5344,9,194.7359426021576
13,13,10X_NCI_A_zumi_umap.csv,5385,9,193.66426301002505
14,14,10X_NCI_B_cellranger2.0_umap.csv,2585,7,106.76515603065492
15,15,10X_NCI_B_cellranger3.1_umap.csv,3059,8,122.91454768180849
16,16,10X_NCI_B_umitools_umap.csv,2630,7,110.23711371421814
17,17,10X_NCI_B_zumi_umap.csv,2836,7,114.50250840187071
18,18,10X_NCI_M_A_cellranger2.0_umap.csv,5354,8,180.02535438537598
19,19,10X_NCI_M_A_cellranger3.1_umap.csv,6097,8,198.9344117641449
20,20,10X_NCI_M_A_umitools_umap.csv,5339,9,194.6826777458191
21,21,10X_NCI_M_A_zumi_umap.csv,5416,9,194.58912205696103
22,22,10X_NCI_M_B_cellranger2.0_umap.csv,2589,7,108.85222697257996
23,23,10X_NCI_M_B_cellranger3.1_umap.csv,3046,7,116.17046689987184
24,24,10X_NCI_M_B_umitools_umap.csv,2628,7,105.49479627609252
25,25,10X_NCI_M_B_zumi_umap.csv,2805,7,110.0572419166565
26,26,C1_FDA_HT_A_featureCounts_umap.csv,197,3,51.26739478111267
27,27,C1_FDA_HT_A_kallisto_umap.csv,195,3,51.534403562545776
28,28,C1_FDA_HT_A_rsem_umap.csv,197,3,52.91014981269837
29,29,C1_FDA_HT_B_featureCounts_umap.csv,231,3,53.691004037857056
30,30,C1_FDA_HT_B_kallisto_umap.csv,224,3,53.940534591674805
31,31,C1_FDA_HT_B_rsem_umap.csv,231,3,53.57390284538269
32,32,C1_LLU_A_featureCounts_umap.csv,70,3,49.75725746154785
33,33,C1_LLU_A_kallisto_umap.csv,72,3,51.47851276397705
34,34,C1_LLU_A_rsem_umap.csv,71,3,53.115413188934326
35,35,C1_LLU_B_featureCounts_umap.csv,59,3,52.658435344696045
36,36,C1_LLU_B_kallisto_umap.csv,60,3,53.37130856513977
37,37,C1_LLU_B_rsem_umap.csv,60,3,48.82991361618042
38,38,ICELL8_PE_A_featureCounts_umap.csv,568,4,58.51951050758362
39,39,ICELL8_PE_A_kallisto_umap.csv,570,4,58.965802907943726
40,40,ICELL8_PE_A_rsem_umap.csv,563,4,58.400607109069824
41,41,ICELL8_PE_B_featureCounts_umap.csv,547,4,57.80268955230713
42,42,ICELL8_PE_B_kallisto_umap.csv,551,4,58.65170931816101
43,43,ICELL8_PE_B_rsem_umap.csv,548,4,57.99518442153931
44,44,ICELL8_SE_A_featureCounts_umap.csv,570,4,57.09325098991394
45,45,ICELL8_SE_A_rsem_umap.csv,569,4,58.02830314636231
46,46,ICELL8_SE_B_featureCounts_umap.csv,550,4,59.07542848587036
47,47,ICELL8_SE_B_rsem_umap.csv,549,4,58.413562297821045
0,0,ICELL8_SE_A_kallisto_umap.csv,571,4,55.198406457901
1,1,ICELL8_SE_B_kallisto_umap.csv,553,5,57.079227447509766
2,2,10X_LLU_A_cellranger2.0_umap.csv,2505,7,95.1630368232727
3,3,10X_LLU_A_cellranger3.1_umap.csv,2825,7,101.16154170036316
4,4,10X_LLU_A_umitools_umap.csv,2476,8,97.95974087715148
5,5,10X_LLU_A_zumi_umap.csv,2825,8,105.73449444770812
6,6,10X_LLU_B_cellranger2.0_umap.csv,1211,6,69.78799819946289
7,7,10X_LLU_B_cellranger3.1_umap.csv,1327,6,71.50944781303406
8,8,10X_LLU_B_umitools_umap.csv,1184,6,69.04888725280762
9,9,10X_LLU_B_zumi_umap.csv,1207,6,68.59608268737793
10,10,10X_NCI_A_cellranger2.0_umap.csv,5355,9,171.3829960823059
11,11,10X_NCI_A_cellranger3.1_umap.csv,6050,9,188.4388554096222
12,12,10X_NCI_A_umitools_umap.csv,5344,9,172.75527048110962
13,13,10X_NCI_A_zumi_umap.csv,5385,9,173.3270993232727
14,14,10X_NCI_B_cellranger2.0_umap.csv,2585,7,96.5376000404358
15,15,10X_NCI_B_cellranger3.1_umap.csv,3059,8,110.99499654769896
16,16,10X_NCI_B_umitools_umap.csv,2630,8,103.13599944114684
17,17,10X_NCI_B_zumi_umap.csv,2836,7,100.82437229156494
18,18,10X_NCI_M_A_cellranger2.0_umap.csv,5354,9,171.6719069480896
19,19,10X_NCI_M_A_cellranger3.1_umap.csv,6097,10,197.8893358707428
20,20,10X_NCI_M_A_umitools_umap.csv,5339,9,170.63060426712036
21,21,10X_NCI_M_A_zumi_umap.csv,5416,9,169.8220181465149
22,22,10X_NCI_M_B_cellranger2.0_umap.csv,2589,7,95.17865705490112
23,23,10X_NCI_M_B_cellranger3.1_umap.csv,3046,8,112.72395753860474
24,24,10X_NCI_M_B_umitools_umap.csv,2628,7,96.6940815448761
25,25,10X_NCI_M_B_zumi_umap.csv,2805,8,107.77563524246216
26,26,C1_FDA_HT_A_featureCounts_umap.csv,197,3,52.24591636657715
27,27,C1_FDA_HT_A_kallisto_umap.csv,195,3,49.28789067268372
28,28,C1_FDA_HT_A_rsem_umap.csv,197,3,53.39970064163208
29,29,C1_FDA_HT_B_featureCounts_umap.csv,231,4,52.49427938461304
30,30,C1_FDA_HT_B_kallisto_umap.csv,224,4,50.05105328559876
31,31,C1_FDA_HT_B_rsem_umap.csv,231,4,53.5884485244751
32,32,C1_LLU_A_featureCounts_umap.csv,70,3,52.79407358169556
33,33,C1_LLU_A_kallisto_umap.csv,72,3,51.20775008201599
34,34,C1_LLU_A_rsem_umap.csv,71,3,53.6767098903656
35,35,C1_LLU_B_featureCounts_umap.csv,59,3,50.58020567893982
36,36,C1_LLU_B_kallisto_umap.csv,60,3,52.98180389404297
37,37,C1_LLU_B_rsem_umap.csv,60,3,49.2866575717926
38,38,ICELL8_PE_A_featureCounts_umap.csv,568,5,57.99834895133972
39,39,ICELL8_PE_A_kallisto_umap.csv,570,5,56.62084460258484
40,40,ICELL8_PE_A_rsem_umap.csv,563,5,56.28377103805542
41,41,ICELL8_PE_B_featureCounts_umap.csv,547,4,56.70449113845825
42,42,ICELL8_PE_B_kallisto_umap.csv,551,5,57.43341541290283
43,43,ICELL8_PE_B_rsem_umap.csv,548,5,57.79486608505249
44,44,ICELL8_SE_A_featureCounts_umap.csv,570,4,56.16716885566712
45,45,ICELL8_SE_A_rsem_umap.csv,569,5,56.92143845558167
46,46,ICELL8_SE_B_featureCounts_umap.csv,550,4,57.27014207839966
47,47,ICELL8_SE_B_rsem_umap.csv,549,5,57.42501974105835
0,0,ICELL8_SE_A_kallisto_umap.csv,571,4,59.78486394882202
1,1,ICELL8_SE_B_kallisto_umap.csv,553,4,57.57368230819702
2,2,10X_LLU_A_cellranger2.0_umap.csv,2505,7,104.60373425483704
3,3,10X_LLU_A_cellranger3.1_umap.csv,2825,7,117.12811183929443
4,4,10X_LLU_A_umitools_umap.csv,2476,7,108.0021116733551
5,5,10X_LLU_A_zumi_umap.csv,2825,7,115.02036476135254
6,6,10X_LLU_B_cellranger2.0_umap.csv,1211,6,76.8679530620575
7,7,10X_LLU_B_cellranger3.1_umap.csv,1327,5,72.45232009887695
8,8,10X_LLU_B_umitools_umap.csv,1184,5,71.22949147224426
9,9,10X_LLU_B_zumi_umap.csv,1207,5,69.62959623336792
10,10,10X_NCI_A_cellranger2.0_umap.csv,5355,9,190.63984537124637
11,11,10X_NCI_A_cellranger3.1_umap.csv,6050,10,225.59346270561215
12,12,10X_NCI_A_umitools_umap.csv,5344,8,181.32528734207156
13,13,10X_NCI_A_zumi_umap.csv,5385,8,182.23871850967407
14,14,10X_NCI_B_cellranger2.0_umap.csv,2585,7,109.12792944908142
15,15,10X_NCI_B_cellranger3.1_umap.csv,3059,8,122.23834156990053
16,16,10X_NCI_B_umitools_umap.csv,2630,7,108.38909196853638
17,17,10X_NCI_B_zumi_umap.csv,2836,7,115.04787993431091
18,18,10X_NCI_M_A_cellranger2.0_umap.csv,5354,9,195.78509521484372
19,19,10X_NCI_M_A_cellranger3.1_umap.csv,6097,9,214.84210085868835
20,20,10X_NCI_M_A_umitools_umap.csv,5339,9,193.86040830612183
21,21,10X_NCI_M_A_zumi_umap.csv,5416,8,181.3830988407135
22,22,10X_NCI_M_B_cellranger2.0_umap.csv,2589,7,111.54403400421144
23,23,10X_NCI_M_B_cellranger3.1_umap.csv,3046,8,124.6623556613922
24,24,10X_NCI_M_B_umitools_umap.csv,2628,7,112.79025030136108
25,25,10X_NCI_M_B_zumi_umap.csv,2805,7,113.60369753837584
26,26,C1_FDA_HT_A_featureCounts_umap.csv,197,3,50.85543274879456
27,27,C1_FDA_HT_A_kallisto_umap.csv,195,3,52.49354696273804
28,28,C1_FDA_HT_A_rsem_umap.csv,197,3,52.26706385612488
29,29,C1_FDA_HT_B_featureCounts_umap.csv,231,3,52.88932132720947
30,30,C1_FDA_HT_B_kallisto_umap.csv,224,3,53.70689940452576
31,31,C1_FDA_HT_B_rsem_umap.csv,231,3,54.07026028633118
32,32,C1_LLU_A_featureCounts_umap.csv,70,3,52.760974645614624
33,33,C1_LLU_A_kallisto_umap.csv,72,3,50.2828106880188
34,34,C1_LLU_A_rsem_umap.csv,71,3,53.86096692085266
35,35,C1_LLU_B_featureCounts_umap.csv,59,3,53.02629208564758
36,36,C1_LLU_B_kallisto_umap.csv,60,3,52.24713063240051
37,37,C1_LLU_B_rsem_umap.csv,60,3,47.110273361206055
38,38,ICELL8_PE_A_featureCounts_umap.csv,568,4,59.23676013946533
39,39,ICELL8_PE_A_kallisto_umap.csv,570,4,55.9375
40,40,ICELL8_PE_A_rsem_umap.csv,563,4,57.9949107170105
41,41,ICELL8_PE_B_featureCounts_umap.csv,547,4,61.066421031951904
42,42,ICELL8_PE_B_kallisto_umap.csv,551,4,59.67841267585754
43,43,ICELL8_PE_B_rsem_umap.csv,548,4,59.0055468082428
44,44,ICELL8_SE_A_featureCounts_umap.csv,570,4,58.17819285392761
45,45,ICELL8_SE_A_rsem_umap.csv,569,4,58.21843934059143
46,46,ICELL8_SE_B_featureCounts_umap.csv,550,4,57.64318060874939
47,47,ICELL8_SE_B_rsem_umap.csv,549,4,57.22517704963684
0,0,ICELL8_SE_A_kallisto_umap.csv,571,4,57.58955478668213
1,1,ICELL8_SE_B_kallisto_umap.csv,553,5,56.602277755737305
2,2,10X_LLU_A_cellranger2.0_umap.csv,2505,7,95.74144744873048
3,3,10X_LLU_A_cellranger3.1_umap.csv,2825,7,98.68703961372375
4,4,10X_LLU_A_umitools_umap.csv,2476,7,94.61136555671692
5,5,10X_LLU_A_zumi_umap.csv,2825,8,106.70856285095216
6,6,10X_LLU_B_cellranger2.0_umap.csv,1211,6,68.65102887153625
7,7,10X_LLU_B_cellranger3.1_umap.csv,1327,6,71.85188937187195
8,8,10X_LLU_B_umitools_umap.csv,1184,6,70.06225228309631
9,9,10X_LLU_B_zumi_umap.csv,1207,6,68.32215404510498
10,10,10X_NCI_A_cellranger2.0_umap.csv,5355,8,156.83458852767944
11,11,10X_NCI_A_cellranger3.1_umap.csv,6050,10,197.0926253795624
12,12,10X_NCI_A_umitools_umap.csv,5344,9,167.05456018447876
13,13,10X_NCI_A_zumi_umap.csv,5385,9,180.94665551185608
14,14,10X_NCI_B_cellranger2.0_umap.csv,2585,7,95.49060654640198
15,15,10X_NCI_B_cellranger3.1_umap.csv,3059,8,111.56956720352171
16,16,10X_NCI_B_umitools_umap.csv,2630,8,103.50712776184082
17,17,10X_NCI_B_zumi_umap.csv,2836,7,102.10773062705994
18,18,10X_NCI_M_A_cellranger2.0_umap.csv,5354,9,172.3510959148407
19,19,10X_NCI_M_A_cellranger3.1_umap.csv,6097,9,187.77910804748532
20,20,10X_NCI_M_A_umitools_umap.csv,5339,9,171.0929834842682
21,21,10X_NCI_M_A_zumi_umap.csv,5416,9,167.78072381019592
22,22,10X_NCI_M_B_cellranger2.0_umap.csv,2589,8,100.80664086341858
23,23,10X_NCI_M_B_cellranger3.1_umap.csv,3046,8,110.15327882766724
24,24,10X_NCI_M_B_umitools_umap.csv,2628,7,98.63241863250732
25,25,10X_NCI_M_B_zumi_umap.csv,2805,8,106.00421094894408
26,26,C1_FDA_HT_A_featureCounts_umap.csv,197,3,51.5469765663147
27,27,C1_FDA_HT_A_kallisto_umap.csv,195,3,53.54799032211304
28,28,C1_FDA_HT_A_rsem_umap.csv,197,3,53.33309769630432
29,29,C1_FDA_HT_B_featureCounts_umap.csv,231,4,53.68684792518616
30,30,C1_FDA_HT_B_kallisto_umap.csv,224,4,53.43851852416992
31,31,C1_FDA_HT_B_rsem_umap.csv,231,4,52.533254623413086
32,32,C1_LLU_A_featureCounts_umap.csv,70,3,53.010672092437744
33,33,C1_LLU_A_kallisto_umap.csv,72,3,52.09297752380371
34,34,C1_LLU_A_rsem_umap.csv,71,3,53.76412487030029
35,35,C1_LLU_B_featureCounts_umap.csv,59,3,51.984256744384766
36,36,C1_LLU_B_kallisto_umap.csv,60,3,54.268094062805176
37,37,C1_LLU_B_rsem_umap.csv,60,3,50.95745444297791
38,38,ICELL8_PE_A_featureCounts_umap.csv,568,5,57.37379455566406
39,39,ICELL8_PE_A_kallisto_umap.csv,570,5,57.92053484916687
40,40,ICELL8_PE_A_rsem_umap.csv,563,5,57.81748700141907
41,41,ICELL8_PE_B_featureCounts_umap.csv,547,4,57.80235171318054
42,42,ICELL8_PE_B_kallisto_umap.csv,551,5,56.71611666679382
43,43,ICELL8_PE_B_rsem_umap.csv,548,5,57.74355840682984
44,44,ICELL8_SE_A_featureCounts_umap.csv,570,4,57.55704617500305
45,45,ICELL8_SE_A_rsem_umap.csv,569,5,57.08170819282532
46,46,ICELL8_SE_B_featureCounts_umap.csv,550,4,58.31776928901672
47,47,ICELL8_SE_B_rsem_umap.csv,549,5,56.78762435913086
0,0,ICELL8_SE_A_kallisto_umap.csv,571,4,57.46785068511963
1,1,ICELL8_SE_B_kallisto_umap.csv,553,5,56.39488434791565
2,2,10X_LLU_A_cellranger2.0_umap.csv,2505,7,95.28289008140564
3,3,10X_LLU_A_cellranger3.1_umap.csv,2825,7,100.28690791130066
4,4,10X_LLU_A_umitools_umap.csv,2476,7,96.81835889816284
5,5,10X_LLU_A_zumi_umap.csv,2825,7,101.61633610725404
6,6,10X_LLU_B_cellranger2.0_umap.csv,1211,6,68.48002314567566
7,7,10X_LLU_B_cellranger3.1_umap.csv,1327,6,71.27929162979126
8,8,10X_LLU_B_umitools_umap.csv,1184,6,69.10394430160522
9,9,10X_LLU_B_zumi_umap.csv,1207,6,68.8711507320404
10,10,10X_NCI_A_cellranger2.0_umap.csv,5355,8,157.20837306976318
11,11,10X_NCI_A_cellranger3.1_umap.csv,6050,10,198.542507648468
12,12,10X_NCI_A_umitools_umap.csv,5344,9,170.2151072025299
13,13,10X_NCI_A_zumi_umap.csv,5385,9,173.8462245464325
14,14,10X_NCI_B_cellranger2.0_umap.csv,2585,7,98.77492594718932
15,15,10X_NCI_B_cellranger3.1_umap.csv,3059,8,113.00174474716188
16,16,10X_NCI_B_umitools_umap.csv,2630,7,97.09545111656188
17,17,10X_NCI_B_zumi_umap.csv,2836,7,102.37693119049072
18,18,10X_NCI_M_A_cellranger2.0_umap.csv,5354,8,158.01034879684448
19,19,10X_NCI_M_A_cellranger3.1_umap.csv,6097,10,202.54676461219788
20,20,10X_NCI_M_A_umitools_umap.csv,5339,9,169.9886372089386
21,21,10X_NCI_M_A_zumi_umap.csv,5416,9,171.26690816879272
22,22,10X_NCI_M_B_cellranger2.0_umap.csv,2589,7,99.14788365364076
23,23,10X_NCI_M_B_cellranger3.1_umap.csv,3046,8,114.10003209114076
24,24,10X_NCI_M_B_umitools_umap.csv,2628,7,100.34204959869383
25,25,10X_NCI_M_B_zumi_umap.csv,2805,8,107.99744582176208
26,26,C1_FDA_HT_A_featureCounts_umap.csv,197,3,48.41005825996399
27,27,C1_FDA_HT_A_kallisto_umap.csv,195,3,51.90218448638916
28,28,C1_FDA_HT_A_rsem_umap.csv,197,3,51.60412406921387
29,29,C1_FDA_HT_B_featureCounts_umap.csv,231,4,52.32917046546936
30,30,C1_FDA_HT_B_kallisto_umap.csv,224,4,50.06028056144714
31,31,C1_FDA_HT_B_rsem_umap.csv,231,4,53.13916826248169
32,32,C1_LLU_A_featureCounts_umap.csv,70,3,53.39835953712464
33,33,C1_LLU_A_kallisto_umap.csv,72,3,52.40067458152771
34,34,C1_LLU_A_rsem_umap.csv,71,3,53.30153560638428
35,35,C1_LLU_B_featureCounts_umap.csv,59,3,54.616188287734985
36,36,C1_LLU_B_kallisto_umap.csv,60,3,55.041008949279785
37,37,C1_LLU_B_rsem_umap.csv,60,3,51.44641089439392
38,38,ICELL8_PE_A_featureCounts_umap.csv,568,5,55.68260550498962
39,39,ICELL8_PE_A_kallisto_umap.csv,570,5,57.123244762420654
40,40,ICELL8_PE_A_rsem_umap.csv,563,5,58.16410827636719
41,41,ICELL8_PE_B_featureCounts_umap.csv,547,4,57.34580039978027
42,42,ICELL8_PE_B_kallisto_umap.csv,551,5,56.64865589141846
43,43,ICELL8_PE_B_rsem_umap.csv,548,4,57.18827199935913
44,44,ICELL8_SE_A_featureCounts_umap.csv,570,4,56.60410141944885
45,45,ICELL8_SE_A_rsem_umap.csv,569,5,58.17309260368347
46,46,ICELL8_SE_B_featureCounts_umap.csv,550,4,56.31876564025879
47,47,ICELL8_SE_B_rsem_umap.csv,549,5,55.66101336479187
0,0,ICELL8_SE_A_kallisto_umap.csv,571,4,57.88635802268982
1,1,ICELL8_SE_B_kallisto_umap.csv,553,5,58.25270104408264
2,2,10X_LLU_A_cellranger2.0_umap.csv,2505,7,98.46170663833618
3,3,10X_LLU_A_cellranger3.1_umap.csv,2825,7,103.49518013000488
4,4,10X_LLU_A_umitools_umap.csv,2476,7,98.71307921409608
5,5,10X_LLU_A_zumi_umap.csv,2825,7,106.36708736419678
6,6,10X_LLU_B_cellranger2.0_umap.csv,1211,5,71.1451621055603
7,7,10X_LLU_B_cellranger3.1_umap.csv,1327,6,75.14724111557007
8,8,10X_LLU_B_umitools_umap.csv,1184,5,70.16690969467163
9,9,10X_LLU_B_zumi_umap.csv,1207,5,69.38806080818176
10,10,10X_NCI_A_cellranger2.0_umap.csv,5355,9,173.64570546150208
11,11,10X_NCI_A_cellranger3.1_umap.csv,6050,10,199.14637780189517
12,12,10X_NCI_A_umitools_umap.csv,5344,8,159.47444868087769
13,13,10X_NCI_A_zumi_umap.csv,5385,8,159.98318934440613
14,14,10X_NCI_B_cellranger2.0_umap.csv,2585,7,101.33501362800598
15,15,10X_NCI_B_cellranger3.1_umap.csv,3059,8,117.15031552314758
16,16,10X_NCI_B_umitools_umap.csv,2630,7,103.19018149375916
17,17,10X_NCI_B_zumi_umap.csv,2836,7,109.33351993560792
18,18,10X_NCI_M_A_cellranger2.0_umap.csv,5354,9,172.9160118103027
19,19,10X_NCI_M_A_cellranger3.1_umap.csv,6097,9,193.50814533233645
20,20,10X_NCI_M_A_umitools_umap.csv,5339,9,165.6646912097931
21,21,10X_NCI_M_A_zumi_umap.csv,5416,8,162.9338800907135
22,22,10X_NCI_M_B_cellranger2.0_umap.csv,2589,7,100.4735791683197
23,23,10X_NCI_M_B_cellranger3.1_umap.csv,3046,8,112.95564889907835
24,24,10X_NCI_M_B_umitools_umap.csv,2628,7,98.84811401367188
25,25,10X_NCI_M_B_zumi_umap.csv,2805,7,108.99114513397215
26,26,C1_FDA_HT_A_featureCounts_umap.csv,197,3,46.595003843307495
27,27,C1_FDA_HT_A_kallisto_umap.csv,195,3,51.6450138092041
28,28,C1_FDA_HT_A_rsem_umap.csv,197,3,49.25180912017822
29,29,C1_FDA_HT_B_featureCounts_umap.csv,231,3,52.23638534545898
30,30,C1_FDA_HT_B_kallisto_umap.csv,224,3,51.72362780570984
31,31,C1_FDA_HT_B_rsem_umap.csv,231,3,51.62151908874512
32,32,C1_LLU_A_featureCounts_umap.csv,70,3,49.97291040420532
33,33,C1_LLU_A_kallisto_umap.csv,72,3,52.92731738090515
34,34,C1_LLU_A_rsem_umap.csv,71,3,53.939956188201904
35,35,C1_LLU_B_featureCounts_umap.csv,59,3,52.026243686676025
36,36,C1_LLU_B_kallisto_umap.csv,60,3,49.65980672836304
37,37,C1_LLU_B_rsem_umap.csv,60,3,49.31895399093628
38,38,ICELL8_PE_A_featureCounts_umap.csv,568,4,56.801188707351685
39,39,ICELL8_PE_A_kallisto_umap.csv,570,4,53.88480234146118
40,40,ICELL8_PE_A_rsem_umap.csv,563,4,54.59435725212097
41,41,ICELL8_PE_B_featureCounts_umap.csv,547,4,55.10055947303772
42,42,ICELL8_PE_B_kallisto_umap.csv,551,4,54.702722787857056
43,43,ICELL8_PE_B_rsem_umap.csv,548,4,57.65629005432129
44,44,ICELL8_SE_A_featureCounts_umap.csv,570,4,55.98200845718384
45,45,ICELL8_SE_A_rsem_umap.csv,569,4,55.325698375701904
46,46,ICELL8_SE_B_featureCounts_umap.csv,550,4,56.1732439994812
47,47,ICELL8_SE_B_rsem_umap.csv,549,4,56.44812798500061
0,0,ICELL8_SE_A_kallisto_umap.csv,571,4,57.64914083480835
1,1,ICELL8_SE_B_kallisto_umap.csv,553,5,56.4800591468811
2,2,10X_LLU_A_cellranger2.0_umap.csv,2505,7,95.46348190307616
3,3,10X_LLU_A_cellranger3.1_umap.csv,2825,7,100.76899600028992
4,4,10X_LLU_A_umitools_umap.csv,2476,7,94.70477318763731
5,5,10X_LLU_A_zumi_umap.csv,2825,8,105.85274338722228
6,6,10X_LLU_B_cellranger2.0_umap.csv,1211,5,69.12028980255127
7,7,10X_LLU_B_cellranger3.1_umap.csv,1327,6,69.38681244850159
8,8,10X_LLU_B_umitools_umap.csv,1184,6,69.93659806251526
9,9,10X_LLU_B_zumi_umap.csv,1207,6,70.62480068206787
10,10,10X_NCI_A_cellranger2.0_umap.csv,5355,9,168.7783808708191
11,11,10X_NCI_A_cellranger3.1_umap.csv,6050,9,188.5662043094635
12,12,10X_NCI_A_umitools_umap.csv,5344,9,171.27121353149414
13,13,10X_NCI_A_zumi_umap.csv,5385,9,174.35273122787476
14,14,10X_NCI_B_cellranger2.0_umap.csv,2585,7,98.63950490951538
15,15,10X_NCI_B_cellranger3.1_umap.csv,3059,8,109.23635745048524
16,16,10X_NCI_B_umitools_umap.csv,2630,7,97.84675359725952
17,17,10X_NCI_B_zumi_umap.csv,2836,7,100.14821481704712
18,18,10X_NCI_M_A_cellranger2.0_umap.csv,5354,9,170.95431065559387
19,19,10X_NCI_M_A_cellranger3.1_umap.csv,6097,10,197.87753343582156
20,20,10X_NCI_M_A_umitools_umap.csv,5339,9,170.2196867465973
21,21,10X_NCI_M_A_zumi_umap.csv,5416,9,174.49772429466248
22,22,10X_NCI_M_B_cellranger2.0_umap.csv,2589,7,95.16549038887024
23,23,10X_NCI_M_B_cellranger3.1_umap.csv,3046,8,109.87050771713255
24,24,10X_NCI_M_B_umitools_umap.csv,2628,7,100.65464878082275
25,25,10X_NCI_M_B_zumi_umap.csv,2805,7,99.237163066864
26,26,C1_FDA_HT_A_featureCounts_umap.csv,197,3,51.56769871711731
27,27,C1_FDA_HT_A_kallisto_umap.csv,195,3,53.28368377685547
28,28,C1_FDA_HT_A_rsem_umap.csv,197,3,54.4848735332489
29,29,C1_FDA_HT_B_featureCounts_umap.csv,231,4,54.64833807945252
30,30,C1_FDA_HT_B_kallisto_umap.csv,224,4,52.97258925437927
31,31,C1_FDA_HT_B_rsem_umap.csv,231,4,53.66607546806336
32,32,C1_LLU_A_featureCounts_umap.csv,70,3,54.77864527702332
33,33,C1_LLU_A_kallisto_umap.csv,72,3,54.57907223701477
34,34,C1_LLU_A_rsem_umap.csv,71,3,52.986135482788086
35,35,C1_LLU_B_featureCounts_umap.csv,59,3,54.78955936431885
36,36,C1_LLU_B_kallisto_umap.csv,60,3,55.426809310913086
37,37,C1_LLU_B_rsem_umap.csv,60,3,51.99715185165405
38,38,ICELL8_PE_A_featureCounts_umap.csv,568,5,56.32989740371704
39,39,ICELL8_PE_A_kallisto_umap.csv,570,5,57.84845042228699
40,40,ICELL8_PE_A_rsem_umap.csv,563,5,57.147321701049805
41,41,ICELL8_PE_B_featureCounts_umap.csv,547,4,57.91954827308655
42,42,ICELL8_PE_B_kallisto_umap.csv,551,4,57.31497621536255
43,43,ICELL8_PE_B_rsem_umap.csv,548,4,57.77345991134644
44,44,ICELL8_SE_A_featureCounts_umap.csv,570,4,57.364914894104
45,45,ICELL8_SE_A_rsem_umap.csv,569,5,57.278053283691406
46,46,ICELL8_SE_B_featureCounts_umap.csv,550,4,57.56354713439941
47,47,ICELL8_SE_B_rsem_umap.csv,549,5,57.12410020828247
0,0,ICELL8_SE_A_kallisto_umap.csv,571,4,53.70576167106629
1,1,ICELL8_SE_B_kallisto_umap.csv,553,5,57.03914642333984
2,2,10X_LLU_A_cellranger2.0_umap.csv,2505,7,98.66685819625854
3,3,10X_LLU_A_cellranger3.1_umap.csv,2825,7,104.22162437438963
4,4,10X_LLU_A_umitools_umap.csv,2476,7,98.81137943267822
5,5,10X_LLU_A_zumi_umap.csv,2825,7,107.56972670555116
6,6,10X_LLU_B_cellranger2.0_umap.csv,1211,6,70.87412142753601
7,7,10X_LLU_B_cellranger3.1_umap.csv,1327,6,74.1646842956543
8,8,10X_LLU_B_umitools_umap.csv,1184,6,70.72381114959717
9,9,10X_LLU_B_zumi_umap.csv,1207,6,71.92492961883545
10,10,10X_NCI_A_cellranger2.0_umap.csv,5355,9,175.4277994632721
11,11,10X_NCI_A_cellranger3.1_umap.csv,6050,9,193.9984037876129
12,12,10X_NCI_A_umitools_umap.csv,5344,9,176.388121843338
13,13,10X_NCI_A_zumi_umap.csv,5385,10,186.24265265464783
14,14,10X_NCI_B_cellranger2.0_umap.csv,2585,7,98.7902855873108
15,15,10X_NCI_B_cellranger3.1_umap.csv,3059,8,116.23748803138731
16,16,10X_NCI_B_umitools_umap.csv,2630,7,104.42265582084656
17,17,10X_NCI_B_zumi_umap.csv,2836,7,105.47636985778809
18,18,10X_NCI_M_A_cellranger2.0_umap.csv,5354,9,178.87401461601257
19,19,10X_NCI_M_A_cellranger3.1_umap.csv,6097,9,201.06851816177368
20,20,10X_NCI_M_A_umitools_umap.csv,5339,9,178.12421131134033
21,21,10X_NCI_M_A_zumi_umap.csv,5416,9,178.29689049720764
22,22,10X_NCI_M_B_cellranger2.0_umap.csv,2589,7,101.27056193351746
23,23,10X_NCI_M_B_cellranger3.1_umap.csv,3046,8,112.8756229877472
24,24,10X_NCI_M_B_umitools_umap.csv,2628,7,102.14072179794312
25,25,10X_NCI_M_B_zumi_umap.csv,2805,7,107.26759481430054
26,26,C1_FDA_HT_A_featureCounts_umap.csv,197,3,47.93124794960022
27,27,C1_FDA_HT_A_kallisto_umap.csv,195,3,54.64132070541382
28,28,C1_FDA_HT_A_rsem_umap.csv,197,3,53.94205665588379
29,29,C1_FDA_HT_B_featureCounts_umap.csv,231,4,51.76487612724304
30,30,C1_FDA_HT_B_kallisto_umap.csv,224,4,53.762150287628174
31,31,C1_FDA_HT_B_rsem_umap.csv,231,4,52.49004006385803
32,32,C1_LLU_A_featureCounts_umap.csv,70,3,54.56323337554932
33,33,C1_LLU_A_kallisto_umap.csv,72,3,52.85830354690552
34,34,C1_LLU_A_rsem_umap.csv,71,3,52.7979462146759
35,35,C1_LLU_B_featureCounts_umap.csv,59,3,57.76860666275024
36,36,C1_LLU_B_kallisto_umap.csv,60,3,50.77248883247376
37,37,C1_LLU_B_rsem_umap.csv,60,3,52.86960530281067
38,38,ICELL8_PE_A_featureCounts_umap.csv,568,5,57.55074405670166
39,39,ICELL8_PE_A_kallisto_umap.csv,570,5,59.10142803192139
40,40,ICELL8_PE_A_rsem_umap.csv,563,5,56.67453646659851
41,41,ICELL8_PE_B_featureCounts_umap.csv,547,4,56.2875235080719
42,42,ICELL8_PE_B_kallisto_umap.csv,551,5,57.97413301467896
43,43,ICELL8_PE_B_rsem_umap.csv,548,4,57.938294410705566
44,44,ICELL8_SE_A_featureCounts_umap.csv,570,4,56.93196558952332
45,45,ICELL8_SE_A_rsem_umap.csv,569,5,58.19656443595886
46,46,ICELL8_SE_B_featureCounts_umap.csv,550,5,57.46880578994751
47,47,ICELL8_SE_B_rsem_umap.csv,549,5,57.92347693443298
0,0,ICELL8_SE_A_kallisto_umap.csv,571,4,60.55600237846375
1,1,ICELL8_SE_B_kallisto_umap.csv,553,5,59.89173150062561
2,2,10X_LLU_A_cellranger2.0_umap.csv,2505,6,101.89747381210329
3,3,10X_LLU_A_cellranger3.1_umap.csv,2825,6,107.26406955718994
4,4,10X_LLU_A_umitools_umap.csv,2476,7,107.7220058441162
5,5,10X_LLU_A_zumi_umap.csv,2825,7,113.18997025489809
6,6,10X_LLU_B_cellranger2.0_umap.csv,1211,6,74.63931322097778
7,7,10X_LLU_B_cellranger3.1_umap.csv,1327,6,75.56265783309937
8,8,10X_LLU_B_umitools_umap.csv,1184,5,71.38351035118103
9,9,10X_LLU_B_zumi_umap.csv,1207,5,70.59059023857117
10,10,10X_NCI_A_cellranger2.0_umap.csv,5355,8,186.62093782424927
11,11,10X_NCI_A_cellranger3.1_umap.csv,6050,9,221.8670125007629
12,12,10X_NCI_A_umitools_umap.csv,5344,9,198.66206669807437
13,13,10X_NCI_A_zumi_umap.csv,5385,9,199.89336681365967
14,14,10X_NCI_B_cellranger2.0_umap.csv,2585,7,107.2658097743988
15,15,10X_NCI_B_cellranger3.1_umap.csv,3059,8,125.0010814666748
16,16,10X_NCI_B_umitools_umap.csv,2630,7,111.75048756599426
17,17,10X_NCI_B_zumi_umap.csv,2836,7,115.61121606826782
18,18,10X_NCI_M_A_cellranger2.0_umap.csv,5354,8,181.458034992218
19,19,10X_NCI_M_A_cellranger3.1_umap.csv,6097,10,234.5961639881134
20,20,10X_NCI_M_A_umitools_umap.csv,5339,9,202.78631043434143
21,21,10X_NCI_M_A_zumi_umap.csv,5416,8,188.55863404273987
22,22,10X_NCI_M_B_cellranger2.0_umap.csv,2589,7,108.00762152671814
23,23,10X_NCI_M_B_cellranger3.1_umap.csv,3046,8,126.28550696372986
24,24,10X_NCI_M_B_umitools_umap.csv,2628,6,103.16429233551024
25,25,10X_NCI_M_B_zumi_umap.csv,2805,7,113.63695359230042
26,26,C1_FDA_HT_A_featureCounts_umap.csv,197,3,50.49941182136536
27,27,C1_FDA_HT_A_kallisto_umap.csv,195,3,54.192784547805786
28,28,C1_FDA_HT_A_rsem_umap.csv,197,3,54.57796168327332
29,29,C1_FDA_HT_B_featureCounts_umap.csv,231,3,54.41718506813049
30,30,C1_FDA_HT_B_kallisto_umap.csv,224,3,52.66586899757385
31,31,C1_FDA_HT_B_rsem_umap.csv,231,3,55.57314109802246
32,32,C1_LLU_A_featureCounts_umap.csv,70,3,51.40732145309448
33,33,C1_LLU_A_kallisto_umap.csv,72,3,52.44880986213684
34,34,C1_LLU_A_rsem_umap.csv,71,3,53.20954346656799
35,35,C1_LLU_B_featureCounts_umap.csv,59,3,52.48225545883179
36,36,C1_LLU_B_kallisto_umap.csv,60,3,48.57121825218201
37,37,C1_LLU_B_rsem_umap.csv,60,3,46.59087347984314
38,38,ICELL8_PE_A_featureCounts_umap.csv,568,4,59.0837938785553
39,39,ICELL8_PE_A_kallisto_umap.csv,570,4,55.29025101661682
40,40,ICELL8_PE_A_rsem_umap.csv,563,4,56.20247673988342
41,41,ICELL8_PE_B_featureCounts_umap.csv,547,4,58.570560693740845
42,42,ICELL8_PE_B_kallisto_umap.csv,551,4,57.84762454032898
43,43,ICELL8_PE_B_rsem_umap.csv,548,4,58.43421936035156
44,44,ICELL8_SE_A_featureCounts_umap.csv,570,4,59.40255236625672
45,45,ICELL8_SE_A_rsem_umap.csv,569,4,58.95798993110657
46,46,ICELL8_SE_B_featureCounts_umap.csv,550,4,59.05389142036438
47,47,ICELL8_SE_B_rsem_umap.csv,549,4,60.36186623573303
0,0,ICELL8_SE_A_kallisto_umap.csv,571,4,56.81747794151306
1,1,ICELL8_SE_B_kallisto_umap.csv,553,5,58.04480886459351
2,2,10X_LLU_A_cellranger2.0_umap.csv,2505,7,96.69345474243164
3,3,10X_LLU_A_cellranger3.1_umap.csv,2825,7,106.0391218662262
4,4,10X_LLU_A_umitools_umap.csv,2476,7,97.66398930549622
5,5,10X_LLU_A_zumi_umap.csv,2825,7,107.95838570594788
6,6,10X_LLU_B_cellranger2.0_umap.csv,1211,5,68.32732319831848
7,7,10X_LLU_B_cellranger3.1_umap.csv,1327,6,76.28753590583801
8,8,10X_LLU_B_umitools_umap.csv,1184,6,69.68245553970337
9,9,10X_LLU_B_zumi_umap.csv,1207,6,72.69355607032776
10,10,10X_NCI_A_cellranger2.0_umap.csv,5355,9,177.4000494480133
11,11,10X_NCI_A_cellranger3.1_umap.csv,6050,10,205.1837673187256
12,12,10X_NCI_A_umitools_umap.csv,5344,9,176.18292212486267
13,13,10X_NCI_A_zumi_umap.csv,5385,9,180.08007621765137
14,14,10X_NCI_B_cellranger2.0_umap.csv,2585,7,100.93608117103577
15,15,10X_NCI_B_cellranger3.1_umap.csv,3059,8,114.83925485610962
16,16,10X_NCI_B_umitools_umap.csv,2630,8,105.69596910476685
17,17,10X_NCI_B_zumi_umap.csv,2836,8,111.67237496376038
18,18,10X_NCI_M_A_cellranger2.0_umap.csv,5354,8,164.06119084358215
19,19,10X_NCI_M_A_cellranger3.1_umap.csv,6097,9,194.14683723449707
20,20,10X_NCI_M_A_umitools_umap.csv,5339,9,177.14039254188538
21,21,10X_NCI_M_A_zumi_umap.csv,5416,9,178.21265411376953
22,22,10X_NCI_M_B_cellranger2.0_umap.csv,2589,7,99.40290236473083
23,23,10X_NCI_M_B_cellranger3.1_umap.csv,3046,8,112.79916882514954
24,24,10X_NCI_M_B_umitools_umap.csv,2628,7,102.224187374115
25,25,10X_NCI_M_B_zumi_umap.csv,2805,8,111.21562266349792
26,26,C1_FDA_HT_A_featureCounts_umap.csv,197,3,50.81931924819946
27,27,C1_FDA_HT_A_kallisto_umap.csv,195,4,53.44293832778931
28,28,C1_FDA_HT_A_rsem_umap.csv,197,3,53.22950339317322
29,29,C1_FDA_HT_B_featureCounts_umap.csv,231,4,53.92702436447144
30,30,C1_FDA_HT_B_kallisto_umap.csv,224,4,53.39081454277039
31,31,C1_FDA_HT_B_rsem_umap.csv,231,4,53.840033531188965
32,32,C1_LLU_A_featureCounts_umap.csv,70,3,54.86693930625916
33,33,C1_LLU_A_kallisto_umap.csv,72,3,50.18625593185425
34,34,C1_LLU_A_rsem_umap.csv,71,3,52.35224509239197
35,35,C1_LLU_B_featureCounts_umap.csv,59,3,52.177894830703735
36,36,C1_LLU_B_kallisto_umap.csv,60,3,55.08947134017944
37,37,C1_LLU_B_rsem_umap.csv,60,3,48.93252515792847
38,38,ICELL8_PE_A_featureCounts_umap.csv,568,5,59.28528952598572
39,39,ICELL8_PE_A_kallisto_umap.csv,570,5,58.04024934768677
40,40,ICELL8_PE_A_rsem_umap.csv,563,5,58.25428128242493
41,41,ICELL8_PE_B_featureCounts_umap.csv,547,4,56.38969945907593
42,42,ICELL8_PE_B_kallisto_umap.csv,551,5,58.98696804046631
43,43,ICELL8_PE_B_rsem_umap.csv,548,5,57.62009167671204
44,44,ICELL8_SE_A_featureCounts_umap.csv,570,4,57.58765840530396
45,45,ICELL8_SE_A_rsem_umap.csv,569,5,56.5814790725708
46,46,ICELL8_SE_B_featureCounts_umap.csv,550,5,55.36251401901245
47,47,ICELL8_SE_B_rsem_umap.csv,549,5,59.28243708610535
0,0,ICELL8_SE_A_kallisto_umap.csv,571,4,57.22082257270813
1,1,ICELL8_SE_B_kallisto_umap.csv,553,5,52.60984826087952
2,2,10X_LLU_A_cellranger2.0_umap.csv,2505,7,92.64371061325072
3,3,10X_LLU_A_cellranger3.1_umap.csv,2825,7,99.35026693344116
4,4,10X_LLU_A_umitools_umap.csv,2476,7,94.14410519599916
5,5,10X_LLU_A_zumi_umap.csv,2825,8,109.88922095298769
6,6,10X_LLU_B_cellranger2.0_umap.csv,1211,6,69.50017499923706
7,7,10X_LLU_B_cellranger3.1_umap.csv,1327,6,69.70064115524292
8,8,10X_LLU_B_umitools_umap.csv,1184,5,66.40829467773438
9,9,10X_LLU_B_zumi_umap.csv,1207,5,64.85570001602173
10,10,10X_NCI_A_cellranger2.0_umap.csv,5355,8,154.59196639060974
11,11,10X_NCI_A_cellranger3.1_umap.csv,6050,10,194.99587845802307
12,12,10X_NCI_A_umitools_umap.csv,5344,9,170.66218852996826
13,13,10X_NCI_A_zumi_umap.csv,5385,9,170.55520820617676
14,14,10X_NCI_B_cellranger2.0_umap.csv,2585,7,95.60001873970032
15,15,10X_NCI_B_cellranger3.1_umap.csv,3059,8,109.03176879882812
16,16,10X_NCI_B_umitools_umap.csv,2630,7,97.01173806190492
17,17,10X_NCI_B_zumi_umap.csv,2836,7,100.08436751365662
18,18,10X_NCI_M_A_cellranger2.0_umap.csv,5354,8,158.03106093406677
19,19,10X_NCI_M_A_cellranger3.1_umap.csv,6097,9,188.29200959205627
20,20,10X_NCI_M_A_umitools_umap.csv,5339,9,168.71782541275024
21,21,10X_NCI_M_A_zumi_umap.csv,5416,9,170.66309118270874
22,22,10X_NCI_M_B_cellranger2.0_umap.csv,2589,7,96.96532249450684
23,23,10X_NCI_M_B_cellranger3.1_umap.csv,3046,8,109.03688144683838
24,24,10X_NCI_M_B_umitools_umap.csv,2628,7,97.1470067501068
25,25,10X_NCI_M_B_zumi_umap.csv,2805,7,99.45181941986084
26,26,C1_FDA_HT_A_featureCounts_umap.csv,197,3,51.02665042877197
27,27,C1_FDA_HT_A_kallisto_umap.csv,195,3,53.158148765563965
28,28,C1_FDA_HT_A_rsem_umap.csv,197,3,53.13367462158203
29,29,C1_FDA_HT_B_featureCounts_umap.csv,231,3,51.837536573410034
30,30,C1_FDA_HT_B_kallisto_umap.csv,224,3,53.90069627761841
31,31,C1_FDA_HT_B_rsem_umap.csv,231,3,51.15572667121887
32,32,C1_LLU_A_featureCounts_umap.csv,70,3,53.69534349441528
33,33,C1_LLU_A_kallisto_umap.csv,72,3,52.96580529212952
34,34,C1_LLU_A_rsem_umap.csv,71,3,52.81619191169739
35,35,C1_LLU_B_featureCounts_umap.csv,59,3,52.18720483779907
36,36,C1_LLU_B_kallisto_umap.csv,60,3,53.55496549606323
37,37,C1_LLU_B_rsem_umap.csv,60,3,48.59554433822632
38,38,ICELL8_PE_A_featureCounts_umap.csv,568,4,57.920822858810425
39,39,ICELL8_PE_A_kallisto_umap.csv,570,4,56.69098591804504
40,40,ICELL8_PE_A_rsem_umap.csv,563,4,56.8650689125061
41,41,ICELL8_PE_B_featureCounts_umap.csv,547,4,55.48071837425232
42,42,ICELL8_PE_B_kallisto_umap.csv,551,4,53.91216802597046
43,43,ICELL8_PE_B_rsem_umap.csv,548,4,55.78824758529663
44,44,ICELL8_SE_A_featureCounts_umap.csv,570,4,56.15274930000305
45,45,ICELL8_SE_A_rsem_umap.csv,569,4,56.41030955314636
46,46,ICELL8_SE_B_featureCounts_umap.csv,550,4,55.26724982261658
47,47,ICELL8_SE_B_rsem_umap.csv,549,4,56.46940469741821
0,0,ICELL8_SE_A_kallisto_umap.csv,571,4,54.18809056282044
1,1,ICELL8_SE_B_kallisto_umap.csv,553,5,55.96790647506714
2,2,10X_LLU_A_cellranger2.0_umap.csv,2505,7,94.58229279518127
3,3,10X_LLU_A_cellranger3.1_umap.csv,2825,7,98.90077996253969
4,4,10X_LLU_A_umitools_umap.csv,2476,7,92.69748163223268
5,5,10X_LLU_A_zumi_umap.csv,2825,7,99.3154067993164
6,6,10X_LLU_B_cellranger2.0_umap.csv,1211,6,70.00142788887024
7,7,10X_LLU_B_cellranger3.1_umap.csv,1327,5,69.67271041870117
8,8,10X_LLU_B_umitools_umap.csv,1184,6,66.95711088180542
9,9,10X_LLU_B_zumi_umap.csv,1207,6,66.52642440795898
10,10,10X_NCI_A_cellranger2.0_umap.csv,5355,9,163.5946364402771
11,11,10X_NCI_A_cellranger3.1_umap.csv,6050,10,198.6331298351288
12,12,10X_NCI_A_umitools_umap.csv,5344,9,172.06926941871643
13,13,10X_NCI_A_zumi_umap.csv,5385,9,170.38116478919983
14,14,10X_NCI_B_cellranger2.0_umap.csv,2585,7,93.60947728157043
15,15,10X_NCI_B_cellranger3.1_umap.csv,3059,8,110.35678601264954
16,16,10X_NCI_B_umitools_umap.csv,2630,7,99.11664724349976
17,17,10X_NCI_B_zumi_umap.csv,2836,7,97.69981455802916
18,18,10X_NCI_M_A_cellranger2.0_umap.csv,5354,9,167.15656518936157
19,19,10X_NCI_M_A_cellranger3.1_umap.csv,6097,9,182.5806336402893
20,20,10X_NCI_M_A_umitools_umap.csv,5339,9,180.22721910476685
21,21,10X_NCI_M_A_zumi_umap.csv,5416,9,173.9762670993805
22,22,10X_NCI_M_B_cellranger2.0_umap.csv,2589,7,95.70989084243774
23,23,10X_NCI_M_B_cellranger3.1_umap.csv,3046,8,109.65827631950378
24,24,10X_NCI_M_B_umitools_umap.csv,2628,7,96.04338550567628
25,25,10X_NCI_M_B_zumi_umap.csv,2805,7,101.11476826667786
26,26,C1_FDA_HT_A_featureCounts_umap.csv,197,3,45.92963552474976
27,27,C1_FDA_HT_A_kallisto_umap.csv,195,3,51.49061965942383
28,28,C1_FDA_HT_A_rsem_umap.csv,197,3,51.87081575393677
29,29,C1_FDA_HT_B_featureCounts_umap.csv,231,4,51.01697778701782
30,30,C1_FDA_HT_B_kallisto_umap.csv,224,4,52.45302128791809
31,31,C1_FDA_HT_B_rsem_umap.csv,231,4,51.9179413318634
32,32,C1_LLU_A_featureCounts_umap.csv,70,3,52.84679055213928
33,33,C1_LLU_A_kallisto_umap.csv,72,3,50.929362297058105
34,34,C1_LLU_A_rsem_umap.csv,71,3,50.47659945487976
35,35,C1_LLU_B_featureCounts_umap.csv,59,3,50.788286447525024
36,36,C1_LLU_B_kallisto_umap.csv,60,3,52.928454875946045
37,37,C1_LLU_B_rsem_umap.csv,60,3,46.4640154838562
38,38,ICELL8_PE_A_featureCounts_umap.csv,568,5,56.900113344192505
39,39,ICELL8_PE_A_kallisto_umap.csv,570,5,56.36725401878357
40,40,ICELL8_PE_A_rsem_umap.csv,563,5,56.50850534439087
41,41,ICELL8_PE_B_featureCounts_umap.csv,547,4,55.11776375770569
42,42,ICELL8_PE_B_kallisto_umap.csv,551,5,56.50195741653442
43,43,ICELL8_PE_B_rsem_umap.csv,548,5,55.62070107460022
44,44,ICELL8_SE_A_featureCounts_umap.csv,570,4,55.81863307952881
45,45,ICELL8_SE_A_rsem_umap.csv,569,5,55.64210891723633
46,46,ICELL8_SE_B_featureCounts_umap.csv,550,4,56.463327407836914
47,47,ICELL8_SE_B_rsem_umap.csv,549,5,55.96514296531677
